peer_focused_mh,PSxIA,daily_study_hours,location_type,dropout
0,0.0,5.4,2,1
1,1.65,5.5,2,0
3,0.0,7.0,1,1
3,2.49,2.1,1,0
4,9.16,6.3,1,0
0,7.2,4.5,1,0
2,4.640000000000001,3.7,1,0
0,4.800000000000001,2.2,2,0
0,7.04,5.7,1,0
5,1.11,2.7,0,0
0,8.6,5.5,2,0
3,12.6,8.4,1,0
2,8.6,6.5,0,0
3,0.0,7.3,2,1
3,0.0,3.1,0,1
0,4.6,6.0,1,0
2,6.300000000000001,2.2,0,0
5,9.5,4.0,0,0
0,5.2,8.0,2,0
3,2.1799999999999997,3.3,0,0
3,2.26,6.7,0,0
5,0.0,6.5,2,1
0,0.0,6.6,1,1
5,4.800000000000001,2.0,0,0
5,11.400000000000002,5.6,1,0
2,5.04,4.2,2,0
3,10.049999999999999,6.7,1,0
5,0.0,1.2,0,1
1,5.88,5.2,0,0
0,3.0,5.0,1,0
0,0.8000000000000002,0.5,1,0
4,1.82,2.7,0,0
1,1.6999999999999997,0.8,2,0
2,4.800000000000001,3.0,0,0
4,4.26,5.6,0,0
4,6.88,4.9,1,0
4,10.2,4.8,0,0
1,0.0,2.4,1,1
0,10.84,6.7,2,0
3,7.4,4.5,0,0
1,4.739999999999999,4.6,2,0
0,0.0,6.4,2,1
0,4.25,2.5,0,0
0,4.800000000000001,5.0,1,0
3,5.369999999999999,5.3,1,0
3,5.010000000000001,3.4,0,0
3,0.0,5.8,1,1
0,2.05,5.5,1,0
0,6.76,4.3,2,0
5,1.6600000000000001,4.2,1,0
5,5.55,5.5,1,0
0,3.76,6.1,0,0
4,9.399999999999999,4.6,2,0
3,4.919999999999999,6.7,1,0
3,9.7,5.8,0,0
3,3.08,0.9,1,0
4,4.05,1.7,2,1
2,2.17,6.9,2,0
3,3.3000000000000003,4.0,2,0
2,9.45,4.8,2,0
1,9.76,6.8,2,0
1,6.199999999999999,4.5,2,0
3,3.1599999999999997,4.6,0,0
3,4.62,2.8,2,0
1,3.12,5.2,1,0
1,4.62,5.7,1,0
5,7.949999999999999,3.3,1,0
0,5.640000000000001,2.7,1,0
3,15.700000000000001,9.8,2,0
0,0.0,4.3,2,1
3,6.65,3.1,0,0
5,6.0600000000000005,5.9,2,0
1,0.0,4.4,1,1
5,0.0,2.3,0,1
3,9.5,5.5,0,0
3,5.96,2.8,0,0
2,2.6100000000000003,7.7,0,0
3,4.1,5.5,2,0
5,8.1,3.9,0,0
0,0.0,4.7,2,1
0,4.98,6.3,0,0
2,6.68,4.9,2,0
3,16.299999999999997,8.7,2,0
5,4.48,6.8,1,0
4,8.25,5.5,2,0
2,0.0,2.6,0,1
3,2.52,4.2,0,0
0,4.1,5.5,2,0
1,1.94,2.9,2,0
0,2.83,7.1,2,0
3,3.6900000000000004,2.6,2,0
5,4.98,3.2,1,0
4,1.6700000000000002,3.4,1,0
5,0.0,6.0,1,1
2,5.08,2.9,1,0
3,0.81,0.9,1,0
4,6.179999999999999,6.7,2,0
4,4.4399999999999995,3.6,1,0
4,1.8399999999999999,2.4,1,0
2,0.0,3.0,2,1
0,14.850000000000001,7.9,2,0
1,2.32,3.2,0,0
2,3.78,4.3,0,0
1,5.92,3.6,0,0
5,0.0,2.0,1,1
0,0.0,3.0,2,1
5,0.0,1.9,0,1
3,10.600000000000001,6.4,0,0
3,4.83,4.7,1,0
4,6.5,9.5,0,0
5,4.9,3.1,2,0
1,5.2,2.8,2,0
5,4.659999999999999,7.6,0,0
2,6.239999999999998,6.6,2,0
2,8.45,5.3,0,0
0,0.7899999999999999,2.3,0,0
4,3.0,8.0,2,0
4,6.880000000000001,4.4,2,0
0,6.65,3.6,1,0
2,0.0,6.8,1,1
4,0.0,4.5,0,1
0,2.12,2.2,2,0
0,9.149999999999999,4.6,0,0
1,6.6000000000000005,2.9,1,0
0,0.30000000000000004,0.0,0,0
5,2.52,2.7,2,0
1,7.6,3.4,2,0
5,3.18,2.2,1,0
3,0.0,5.7,0,1
1,3.68,2.9,0,0
1,9.0,5.5,2,0
2,4.0,2.0,1,0
1,2.49,6.3,2,0
5,1.54,1.9,2,1
2,1.0,0.0,1,0
3,2.35,7.0,2,0
5,0.84,2.8,0,0
4,0.0,8.0,0,1
3,5.04,5.6,0,0
0,0.0,6.1,2,1
4,2.63,6.6,1,0
5,6.029999999999999,4.7,1,0
5,8.44,4.7,1,0
3,5.46,7.1,1,0
1,1.41,4.7,1,0
4,2.4,3.0,2,0
2,11.05,5.7,1,0
2,0.6900000000000001,0.3,0,0
1,7.290000000000001,7.1,2,0
3,9.840000000000002,7.2,0,0
3,6.8100000000000005,6.9,1,0
5,4.88,6.8,1,0
5,3.88,4.3,0,0
4,2.78,4.3,0,0
2,3.0,2.0,2,0
0,11.2,8.0,1,0
0,2.9000000000000004,3.5,1,0
0,0.0,5.2,1,1
3,4.800000000000001,5.0,0,0
4,2.3800000000000003,1.8,1,1
2,0.3,1.0,2,0
4,7.0,4.5,2,0
3,5.4,3.6,0,0
3,0.0,4.3,0,1
0,8.319999999999999,6.6,2,0
3,5.88,4.9,0,0
1,0.0,6.0,0,1
2,5.46,5.4,1,0
1,0.0,3.9,2,1
3,4.8,2.5,1,0
3,0.0,5.0,2,1
4,4.2299999999999995,4.7,1,0
4,6.27,6.3,2,0
4,9.3,4.2,2,0
3,1.42,3.9,2,0
4,4.8,4.0,0,0
5,5.550000000000001,2.7,1,0
3,11.280000000000001,7.4,0,0
2,6.27,6.8,0,0
4,2.06,2.1,2,0
5,6.239999999999998,6.1,2,0
3,0.8699999999999999,0.8,0,0
2,5.85,6.5,0,0
0,4.59,3.1,0,0
1,1.56,5.2,2,0
3,3.9000000000000004,0.6,2,0
2,2.06,2.1,2,0
5,0.0,5.4,1,1
1,2.8600000000000003,3.1,0,0
5,7.7,2.8,0,0
1,0.0,7.3,1,1
4,8.61,8.9,0,0
0,2.32,6.4,0,0
2,2.96,2.3,0,0
3,7.800000000000001,8.0,1,0
3,3.2800000000000002,1.4,1,0
4,1.42,3.9,0,0
1,8.899999999999999,4.6,2,0
5,0.0,8.3,0,1
3,12.450000000000001,6.3,0,0
0,7.9,3.6,2,0
1,2.94,2.6,0,0
5,4.8,6.5,0,0
2,1.7200000000000002,3.4,1,0
4,5.88,4.9,0,0
4,2.16,1.8,2,1
3,9.520000000000001,5.6,1,0
2,6.6,5.5,1,0
5,5.5,2.0,2,0
0,6.539999999999999,6.6,2,0
2,4.26,5.6,1,0
2,12.0,6.0,0,0
2,1.5600000000000003,3.7,0,0
3,1.9200000000000002,4.9,1,0
1,10.149999999999999,4.6,0,0
1,7.55,4.2,1,0
4,0.0,4.8,2,1
5,0.0,7.0,0,1
2,0.0,6.6,0,1
4,1.8900000000000001,2.1,1,0
1,7.799999999999999,6.5,1,0
2,2.27,6.9,0,0
2,0.0,4.2,0,1
2,11.75,5.5,0,0
4,2.05,5.5,2,0
2,6.2,2.8,0,0
3,6.840000000000001,3.7,0,0
1,2.1999999999999997,6.0,1,0
2,3.75,3.5,2,0
4,12.25,6.5,1,0
3,0.0,7.1,0,1
4,10.45,6.8,2,0
1,12.999999999999998,8.5,0,0
1,0.0,4.3,2,1
2,4.41,4.9,2,0
0,7.319999999999999,5.1,2,0
2,7.680000000000001,4.4,2,0
1,2.08,5.6,2,0
1,1.9,1.1,2,0
4,0.0,4.9,1,1
4,4.44,1.7,1,1
3,0.0,2.6,0,1
3,2.1999999999999997,6.0,2,0
5,6.119999999999999,4.1,2,0
1,0.0,5.9,1,1
2,6.72,4.1,0,0
1,6.33,6.7,0,0
4,1.2,4.0,1,0
1,0.69,0.6,1,0
1,1.55,5.0,2,0
3,1.04,0.2,1,0
1,1.96,1.6,2,0
4,0.0,2.7,0,1
0,4.6,2.5,2,0
4,8.100000000000001,3.4,1,0
5,4.260000000000001,2.4,2,0
2,3.64,1.7,2,0
4,2.48,7.6,1,0
4,4.52,3.1,2,0
2,0.0,0.0,0,1
3,2.28,3.8,2,0
3,5.16,2.3,1,0
5,4.050000000000001,2.7,1,0
3,0.0,5.9,1,1
4,0.0,3.6,2,1
5,3.6400000000000006,2.2,0,0
5,8.08,5.4,1,0
3,2.4899999999999998,6.8,1,0
4,11.900000000000002,5.6,0,0
5,0.4,0.0,1,1
3,0.74,2.3,2,0
3,0.0,4.6,1,1
5,3.75,4.0,1,0
4,1.24,3.8,2,0
4,5.0,2.5,0,0
2,2.13,1.7,0,0
3,6.1,8.5,1,0
1,1.63,4.6,2,0
2,12.2,5.8,2,0
5,10.25,4.5,0,0
2,6.8999999999999995,4.6,0,0
2,5.3100000000000005,4.4,0,0
1,1.5799999999999998,2.3,2,0
0,2.7499999999999996,1.5,2,0
4,10.199999999999998,5.3,2,0
1,5.88,4.9,1,0
5,4.64,6.4,1,0
5,9.25,6.0,0,0
4,2.61,2.9,0,0
5,9.959999999999999,6.8,1,0
1,12.249999999999998,6.0,1,0
5,5.61,5.9,1,0
5,0.0,9.0,1,1
3,15.899999999999999,8.6,0,0
5,0.0,5.9,1,1
3,0.0,5.6,1,1
1,8.129999999999999,6.7,2,0
3,4.47,3.3,0,0
1,2.44,3.4,0,0
0,3.58,5.8,2,0
2,0.0,2.8,0,1
0,4.82,5.7,0,0
0,2.88,4.8,1,0
1,4.62,2.8,1,0
3,5.34,4.6,0,0
0,8.19,7.1,2,0
5,4.22,4.7,2,0
3,7.05,4.7,0,0
5,6.24,5.2,0,0
3,2.12,5.4,0,0
5,5.37,3.8,0,0
0,2.2600000000000002,5.2,1,0
4,2.24,2.4,1,0
4,1.5700000000000003,2.9,0,0
4,6.24,3.2,2,0
2,0.0,5.4,1,1
0,10.700000000000001,4.8,0,0
0,2.92,4.2,2,0
4,10.85,5.9,1,0
4,4.079999999999999,5.3,1,0
3,7.08,3.9,0,0
5,0.0,2.4,2,1
5,4.48,2.9,0,0
4,5.9,1.6,1,1
2,4.32,4.8,2,0
4,0.0,2.8,1,1
4,2.1,3.5,0,0
4,8.8,4.2,0,0
2,7.4399999999999995,6.6,1,0
2,11.6,6.4,0,0
1,3.9400000000000004,4.4,0,0
3,11.500000000000002,7.0,1,0
0,0.7,0.5,2,0
0,9.57,8.3,1,0
5,0.0,5.9,1,1
0,7.640000000000001,4.7,2,0
5,1.11,2.7,0,0
2,0.0,3.6,2,1
3,7.64,5.7,1,0
1,11.7,5.8,2,0
4,11.200000000000001,5.8,0,0
0,3.3,3.0,2,0
0,5.920000000000001,2.6,2,0
2,3.04,4.9,1,0
1,2.1999999999999997,6.0,2,0
5,0.0,4.5,1,1
3,7.5,7.5,0,0
2,1.88,4.6,2,0
1,4.8,4.5,2,0
1,3.58,5.8,1,0
0,4.14,6.9,1,0
4,2.96,1.8,0,1
1,4.359999999999999,2.3,1,0
5,4.109999999999999,3.9,1,0
1,0.0,10.0,0,1
0,1.25,4.0,1,0
3,0.0,4.3,1,1
2,9.24,5.7,1,0
4,2.1999999999999997,6.5,1,0
0,3.88,4.8,0,0
5,0.0,6.8,0,1
2,4.92,2.1,1,0
3,2.1999999999999997,3.0,2,0
2,2.54,6.8,0,0
3,0.0,4.5,2,1
5,2.4000000000000004,2.0,1,0
1,3.81,1.9,1,0
5,3.1400000000000006,2.9,0,0
0,5.25,4.5,2,0
3,2.02,5.4,0,0
4,6.5600000000000005,3.8,0,0
0,1.7899999999999998,5.3,0,0
0,3.3900000000000006,3.6,1,0
2,4.64,6.9,2,0
0,0.0,9.6,1,1
1,1.5100000000000002,3.7,1,0
4,0.0,5.5,1,1
3,9.95,5.3,0,0
3,6.56,4.8,1,0
1,6.720000000000001,5.8,1,0
1,2.15,5.5,1,0
2,4.59,3.6,1,0
2,0.0,7.1,1,1
2,5.88,4.9,1,0
1,2.22,3.7,2,0
1,3.07,9.4,0,0
2,2.6799999999999997,4.3,1,0
2,2.0,5.0,0,0
1,2.0700000000000003,4.9,2,0
0,7.040000000000001,4.2,2,0
1,0.0,5.4,0,1
5,3.12,2.8,2,0
2,10.549999999999999,5.7,1,0
4,0.75,1.0,2,1
5,0.0,1.9,1,1
1,7.379999999999999,8.2,0,0
2,2.8,2.0,0,0
0,0.18,0.6,0,0
0,3.2,2.0,0,0
0,13.25,8.0,0,0
1,3.8800000000000003,0.9,0,1
3,0.0,2.6,1,1
3,2.64,1.6,0,0
1,1.6500000000000001,4.0,2,0
5,6.4,3.6,1,0
0,6.25,3.5,1,0
5,0.0,8.2,1,1
5,2.06,2.1,1,0
0,1.69,4.3,0,0
3,3.92,5.2,0,0
0,3.75,2.5,0,0
2,7.050000000000001,5.5,2,0
5,3.630000000000001,3.7,0,0
3,6.029999999999999,5.2,0,0
3,7.699999999999999,4.3,2,0
3,2.3100000000000005,0.4,0,0
0,6.6899999999999995,7.1,0,0
4,5.959999999999999,8.6,1,0
4,6.6499999999999995,4.1,0,0
3,2.02,2.7,2,0
4,11.4,7.5,1,0
3,10.760000000000002,8.3,2,0
2,7.55,4.2,2,0
2,5.79,4.1,0,0
3,3.38,4.3,1,0
0,3.04,1.2,0,0
3,3.81,3.9,1,0
4,11.08,7.9,1,0
0,6.840000000000001,4.2,1,0
5,4.880000000000001,2.4,2,1
0,7.0,5.5,0,0
2,0.0,3.2,1,1
0,3.5400000000000005,4.4,1,0
5,0.0,2.0,2,1
1,2.24,2.4,1,0
1,4.6,6.0,1,0
3,0.0,4.7,0,1
2,2.24,2.9,2,0
0,4.38,4.7,2,0
3,0.0,3.3,1,1
3,2.74,2.9,1,0
0,4.88,6.8,2,0
5,2.28,6.1,1,0
3,7.999999999999999,4.5,1,0
1,4.08,4.8,2,0
1,3.9,4.5,1,0
0,0.0,5.5,0,1
4,0.87,2.9,1,0
5,8.44,6.2,2,0
5,5.58,5.2,0,0
2,2.6,4.0,1,0
0,7.250000000000001,3.5,0,0
1,0.0,6.2,2,1
4,6.640000000000001,4.2,0,0
2,2.79,3.1,1,0
2,4.23,3.7,1,0
0,12.0,6.0,2,0
4,0.0,1.3,0,1
0,3.42,3.8,0,0
5,0.0,6.6,2,1
4,3.3200000000000003,4.2,2,0
0,8.0,5.0,2,0
5,9.639999999999999,6.7,2,0
5,9.56,6.3,1,0
5,1.48,3.6,1,0
5,3.02,4.2,2,0
3,7.96,6.3,2,0
5,0.0,6.4,0,1
5,6.159999999999999,4.3,1,0
5,5.3100000000000005,4.4,0,0
1,6.0,5.0,0,0
2,14.3,7.2,1,0
5,0.0,6.6,2,1
5,5.3100000000000005,5.9,1,0
0,2.38,2.3,0,0
2,0.0,4.0,1,1
3,1.2299999999999998,4.1,2,0
3,14.2,7.3,1,0
4,0.0,4.0,2,1
3,12.5,7.0,2,0
1,0.0,3.4,0,1
1,3.75,3.5,0,0
5,9.75,5.5,2,0
5,0.0,7.6,2,1
5,1.2299999999999998,4.1,0,0
5,0.2,0.0,2,1
1,3.3600000000000003,1.4,1,0
4,5.9399999999999995,5.1,2,0
4,3.72,1.6,2,1
5,0.0,2.8,0,1
5,4.05,4.5,0,0
1,2.25,0.0,0,0
3,6.550000000000001,3.7,1,0
5,2.64,2.2,2,0
1,0.95,1.5,2,0
2,4.6000000000000005,2.9,0,0
0,1.8399999999999999,2.4,2,0
2,9.280000000000001,5.4,2,0
1,8.68,6.9,1,0
5,6.16,3.8,2,0
3,2.38,3.3,1,0
0,8.05,3.7,2,0
4,0.0,2.3,0,1
4,4.88,1.9,0,1
3,0.0,1.2,2,1
0,3.7600000000000002,1.8,0,0
4,5.88,7.8,1,0
0,0.9299999999999999,3.1,0,0
4,1.0,0.0,1,1
5,5.949999999999999,3.3,2,0
5,1.1800000000000002,1.3,2,1
3,8.12,4.6,0,0
0,8.08,4.4,2,0
2,5.52,4.6,2,0
2,1.9200000000000002,4.4,1,0
3,1.39,3.8,1,0
3,2.4,1.6,2,0
3,5.680000000000001,4.4,0,0
5,4.3,6.5,0,0
4,8.79,8.1,0,0
4,5.4,4.0,2,0
3,1.86,4.2,0,0
4,5.55,5.5,0,0
5,5.3999999999999995,7.5,2,0
5,5.1000000000000005,3.5,1,0
3,0.0,5.9,1,1
1,2.24,2.9,2,0
1,7.24,5.2,1,0
5,4.739999999999999,6.4,0,0
2,3.85,1.9,2,0
1,1.22,3.4,2,0
4,4.04,6.4,1,0
3,8.84,5.7,2,0
1,13.149999999999999,6.6,2,0
1,0.0,6.2,0,1
3,4.76,3.8,2,0
0,2.87,8.9,2,0
5,0.0,4.8,2,1
4,0.0,0.0,2,1
3,4.88,3.9,1,0
3,0.0,3.6,2,1
4,11.65,6.1,0,0
2,2.2600000000000002,3.6,1,0
0,4.919999999999999,6.7,2,0
0,6.99,5.6,1,0
1,3.0,2.5,2,0
0,4.98,4.2,2,0
2,1.27,2.9,1,0
0,3.34,4.9,1,0
3,4.680000000000001,2.9,1,0
4,8.12,4.6,1,0
1,6.0,4.0,0,0
2,3.5200000000000005,4.2,1,0
5,5.159999999999999,8.6,0,0
0,2.78,3.8,2,0
0,1.29,0.6,2,0
1,4.1,6.5,1,0
3,6.449999999999999,6.5,2,0
3,1.0499999999999998,0.5,0,0
5,2.94,3.1,0,0
0,4.14,5.4,1,0
4,4.7,5.5,1,0
2,4.1,4.5,1,0
0,9.75,4.5,0,0
4,1.2800000000000002,2.6,1,0
0,1.4000000000000001,0.0,0,0
2,14.899999999999999,8.6,0,0
5,4.9,2.6,2,0
1,10.350000000000001,4.9,2,0
0,2.52,4.2,1,0
0,9.56,6.3,1,0
5,8.239999999999998,4.7,1,0
2,0.0,4.8,1,1
3,1.8000000000000003,0.0,0,0
4,6.2,2.8,1,0
1,0.0,6.0,2,1
5,7.76,5.8,1,0
5,2.3600000000000003,2.6,0,0
3,3.12,1.3,2,0
5,0.0,4.8,2,1
1,0.0,0.0,1,0
3,4.300000000000001,2.2,2,0
3,0.0,8.0,2,1
0,2.67,7.4,1,0
5,4.5,5.5,1,0
3,6.919999999999999,5.1,0,0
4,3.9000000000000004,0.6,2,1
0,8.0,3.0,1,0
2,2.54,3.9,2,0
0,4.52,3.1,1,0
2,3.08,3.8,0,0
0,8.19,7.1,1,0
5,2.44,3.4,1,0
0,2.6799999999999997,3.8,0,0
0,2.4,6.0,1,0
0,1.9200000000000002,1.7,0,0
0,3.12,2.8,2,0
0,0.0,3.0,2,1
5,9.149999999999999,4.6,2,0
4,6.96,3.8,1,0
3,0.0,3.9,0,1
1,1.56,3.2,1,0
5,6.6000000000000005,2.4,1,0
1,8.84,5.7,1,0
0,6.2,3.8,0,0
3,4.22,5.7,1,0
0,4.359999999999999,2.3,1,0
5,4.68,3.2,0,0
2,7.149999999999999,4.1,0,0
2,8.55,4.2,2,0
2,12.249999999999998,6.0,0,0
1,4.140000000000001,3.6,2,0
2,0.0,6.0,2,1
5,3.12,5.2,1,0
5,0.0,4.3,1,1
2,1.3800000000000001,2.6,1,0
3,1.9999999999999998,6.0,1,0
2,4.32,2.6,1,0
0,2.05,4.5,1,0
2,9.850000000000001,4.4,1,0
3,1.5299999999999998,4.1,2,0
0,0.0,3.7,2,1
2,1.74,2.9,1,0
3,0.0,1.3,1,1
5,10.36,7.3,2,0
5,6.75,3.5,2,0
5,2.52,4.2,0,0
0,8.8,4.2,0,0
5,2.01,6.7,1,0
5,7.5600000000000005,8.4,1,0
3,3.28,4.8,1,0
1,3.93,4.2,2,0
2,3.5599999999999996,2.3,1,0
3,0.93,1.6,1,0
1,0.0,1.0,1,1
0,4.6000000000000005,2.9,0,0
3,2.0700000000000003,0.3,0,0
2,5.42,6.7,1,0
3,3.5799999999999996,5.3,2,0
0,0.0,4.0,0,1
2,4.02,6.7,1,0
3,5.8500000000000005,2.4,0,0
4,7.350000000000001,2.9,2,0
4,0.88,0.6,2,1
4,9.999999999999998,6.0,2,0
4,0.0,2.9,2,1
4,5.6,4.5,1,0
3,13.25,6.5,2,0
3,10.24,7.2,1,0
1,5.91,4.4,2,0
1,1.5899999999999999,5.3,1,0
0,1.01,2.7,2,0
3,13.100000000000001,7.9,1,0
5,4.53,4.2,0,0
3,0.0,4.7,1,1
3,1.1600000000000001,3.7,1,0
0,4.64,6.9,2,0
0,6.08,4.9,2,0
1,2.1999999999999997,6.0,0,0
1,1.76,5.2,2,0
2,3.26,4.1,1,0
1,9.28,6.4,2,0
5,8.05,5.2,2,0
3,0.0,2.6,1,1
5,1.0,2.5,0,0
3,4.47,4.8,2,0
3,9.36,6.3,2,0
0,7.02,7.8,1,0
4,1.04,0.9,0,1
2,1.98,4.6,0,0
5,9.4,5.5,2,0
2,3.26,5.1,1,0
3,7.6499999999999995,6.5,2,0
2,6.720000000000001,5.8,1,0
4,6.75,2.5,1,0
2,0.0,2.5,2,1
4,4.06,5.1,1,0
4,0.0,6.5,2,1
1,10.2,4.8,0,0
4,5.2,1.3,0,1
3,2.64,2.4,2,0
3,9.85,5.9,0,0
2,3.7199999999999998,3.8,0,0
3,1.46,4.7,0,0
5,6.689999999999999,6.6,0,0
0,2.16,2.1,1,0
5,1.11,3.7,2,0
2,1.25,3.5,2,0
4,5.28,5.2,0,0
0,4.3999999999999995,6.0,2,0
0,1.4,1.5,2,0
0,7.25,4.5,2,0
1,3.92,6.2,1,0
0,0.88,0.8,0,0
4,6.28,4.4,2,0
1,3.09,2.1,1,0
1,0.0,3.2,0,1
3,0.0,0.0,1,1
0,9.56,7.3,1,0
4,1.84,3.8,1,0
2,4.5600000000000005,2.9,2,0
5,8.64,5.2,0,0
2,1.32,2.4,0,0
1,0.0,2.2,2,1
5,2.65,7.5,0,0
2,13.149999999999999,8.1,0,0
4,0.0,3.3,1,1
3,7.4399999999999995,6.6,2,0
0,0.0,5.2,1,1
4,2.73,1.7,0,1
5,4.920000000000001,2.6,0,0
5,8.04,7.6,2,0
0,2.4,1.6,1,0
0,12.52,9.1,1,0
3,4.88,3.4,1,0
4,0.0,7.7,2,1
3,7.28,3.9,1,0
3,9.719999999999999,6.1,1,0
0,2.69,7.3,0,0
4,0.0,7.3,0,1
1,7.949999999999999,3.3,1,0
4,3.87,2.8,1,0
3,9.45,4.3,0,0
1,0.87,1.9,2,0
1,9.5,5.0,0,0
4,3.21,2.9,1,0
3,6.63,6.7,2,0
0,3.06,3.4,1,0
3,0.35,1.0,1,0
1,5.78,7.3,1,0
1,5.01,4.9,2,0
0,0.0,4.6,1,1
2,7.229999999999999,6.7,2,0
2,8.24,6.2,0,0
2,0.0,3.0,2,1
2,5.12,3.6,1,0
2,1.29,2.3,1,0
2,0.0,1.6,0,1
2,7.24,5.7,0,0
4,1.7899999999999998,5.3,0,0
2,0.0,6.0,2,1
2,0.0,7.1,2,1
5,4.499999999999999,6.0,2,0
5,5.58,6.2,2,0
2,2.45,0.3,0,0
3,3.54,3.9,1,0
2,4.84,6.4,1,0
5,0.0,2.2,2,1
1,4.22,4.7,0,0
0,4.5,5.5,0,0
1,3.8400000000000003,5.4,0,0
1,0.0,5.2,1,1
0,6.93,5.7,1,0
3,6.36,4.9,2,0
0,2.04,1.6,1,0
2,8.399999999999999,5.5,0,0
5,4.59,5.1,1,0
4,2.16,1.6,1,1
0,0.0,7.3,1,1
4,1.68,5.6,2,0
3,4.840000000000001,1.7,1,0
1,3.68,2.9,2,0
1,0.0,3.4,1,1
3,1.02,3.4,2,0
3,6.319999999999999,5.1,0,0
2,3.8,2.5,0,0
0,0.0,6.8,0,1
5,2.0799999999999996,6.6,2,0
5,2.31,5.7,0,0
4,6.8999999999999995,4.6,2,0
5,5.04,6.4,2,0
0,3.34,3.9,2,0
3,5.5200000000000005,3.1,0,0
5,11.35,6.9,2,0
0,0.0,5.1,1,1
1,7.9,3.1,0,0
4,0.0,3.7,1,1
2,7.5,3.0,0,0
2,6.3999999999999995,8.5,2,0
0,2.8,4.5,2,0
2,4.92,4.8,2,0
0,0.0,5.9,0,1
3,2.2600000000000002,2.1,0,0
4,7.83,6.7,2,0
2,8.45,3.3,0,0
5,11.439999999999998,8.2,1,0
4,7.28,3.9,2,0
1,9.52,6.6,1,0
4,0.6000000000000001,0.0,1,1
0,4.92,2.1,0,0
4,5.85,3.9,1,0
4,0.24,0.4,2,1
5,0.0,5.7,1,1
3,10.149999999999999,5.1,0,0
3,5.6000000000000005,2.5,0,0
5,4.0,4.5,2,0
1,5.489999999999999,6.1,2,0
5,1.08,0.3,2,1
1,2.0,2.0,2,0
5,7.16,3.8,2,0
5,0.0,4.5,1,1
0,1.37,4.4,1,0
1,11.45,6.3,0,0
2,0.0,5.5,1,1
1,4.74,5.9,2,0
4,1.02,1.7,2,1
1,1.44,4.8,0,0
2,3.54,3.9,2,0
5,7.260000000000002,7.4,0,0
5,4.32,4.8,1,0
5,1.56,3.2,1,0
0,2.11,6.2,1,0
5,6.840000000000001,5.6,0,0
4,5.28,2.9,2,0
0,7.199999999999999,3.8,0,0
4,0.0,3.8,1,1
1,11.200000000000001,7.0,0,0
0,5.3100000000000005,4.9,2,0
2,10.999999999999998,6.0,0,0
4,1.05,3.5,1,0
0,0.0,5.2,2,1
2,10.649999999999999,7.1,1,0
0,1.24,3.8,2,0
4,5.43,4.7,2,0
2,6.200000000000001,1.8,1,0
0,2.8,3.0,1,0
3,3.58,3.8,1,0
4,5.8500000000000005,2.4,0,0
0,5.159999999999999,7.1,1,0
4,1.09,2.8,2,0
0,5.06,6.1,0,0
3,1.57,4.9,0,0
5,8.12,4.6,0,0
3,8.55,7.5,0,0
0,1.2000000000000002,0.0,0,0
1,5.319999999999999,4.1,0,0
5,4.699999999999999,2.3,1,0
4,1.1600000000000001,0.6,2,1
0,0.8800000000000001,2.1,1,0
2,7.999999999999999,4.5,2,0
0,6.0,3.0,0,0
3,5.67,6.3,1,0
4,9.65,4.1,1,0
2,2.44,3.9,1,0
1,2.7399999999999998,3.9,2,0
3,0.0,4.3,0,1
4,2.62,3.7,0,0
3,1.34,2.8,0,0
0,4.1,6.5,2,0
0,1.24,3.3,1,0
2,6.550000000000001,3.7,2,0
0,6.48,5.4,0,0
4,5.489999999999999,5.1,2,0
3,2.62,2.7,2,0
3,0.0,6.0,2,1
3,5.9399999999999995,5.6,0,0
1,7.35,4.9,1,0
3,2.2600000000000002,3.6,0,0
2,1.5100000000000002,3.7,2,0
2,3.0599999999999996,4.1,1,0
2,2.6000000000000005,2.0,1,0
5,1.7700000000000002,4.4,0,0
1,2.5900000000000003,6.3,0,0
5,10.45,6.3,1,0
3,2.62,3.7,2,0
0,9.899999999999999,6.6,0,0
2,8.82,8.3,1,0
5,5.61,3.9,1,0
3,4.04,5.9,2,0
4,0.25,0.0,1,1
5,3.25,2.0,0,0
0,2.92,4.7,1,0
3,0.0,2.5,2,1
3,15.399999999999999,8.6,2,0
3,10.549999999999999,5.7,2,0
1,6.36,6.4,0,0
5,0.0,4.4,0,1
1,1.25,2.5,0,0
0,1.1500000000000001,3.5,1,0
4,6.2,5.0,2,0
3,2.7199999999999998,3.2,2,0
5,1.99,5.8,2,0
4,0.0,5.9,0,1
4,6.199999999999999,4.5,2,0
2,2.7,0.8,1,0
5,4.74,7.9,1,0
1,6.52,4.1,0,0
4,15.1,9.9,0,0
5,4.88,5.8,0,0
0,3.0599999999999996,4.1,2,0
3,7.48,5.4,2,0
0,1.5000000000000002,0.5,2,0
3,2.58,6.6,1,0
2,2.88,9.6,1,0
2,1.3800000000000001,0.3,2,0
3,1.47,3.9,1,0
0,1.89,4.3,1,0
2,3.88,6.3,0,0
0,16.05,8.7,2,0
4,2.19,5.3,1,0
1,0.0,8.8,1,1
4,4.32,4.8,2,0
1,0.0,5.4,2,1
4,0.0,5.2,0,1
0,2.27,6.9,0,0
1,8.8,3.7,2,0
0,0.0,6.1,1,1
1,2.0,2.0,0,0
4,3.81,3.9,2,0
2,4.08,3.2,0,0
0,0.0,4.7,1,1
4,3.64,3.9,1,0
1,4.08,6.8,2,0
2,0.0,2.7,0,1
4,5.000000000000001,1.0,1,1
4,0.0,1.8,1,1
4,10.2,6.5,0,0
1,2.7600000000000002,2.6,2,0
0,6.57,5.3,0,0
3,1.67,3.9,0,0
2,8.12,6.1,0,0
1,5.4,4.0,0,0
0,3.2,10.0,0,0
5,2.54,8.3,1,0
0,0.0,3.9,2,1
5,5.5200000000000005,3.6,2,0
3,3.7,10.0,1,0
0,0.0,2.3,2,1
2,4.11,4.4,2,0
0,7.0,4.5,0,0
1,4.0,4.5,2,0
5,1.5,1.0,0,1
0,11.25,5.5,2,0
3,4.290000000000001,2.6,1,1
0,14.600000000000001,7.4,2,0
3,2.64,1.6,1,0
0,7.319999999999999,4.6,0,0
3,0.33,0.1,0,0
2,0.32,0.2,0,0
3,1.68,2.8,0,0
0,0.0,3.1,1,1
5,0.0,7.4,2,1
2,2.64,4.4,0,0
3,5.26,7.1,0,0
4,1.31,3.7,0,0
2,9.549999999999999,5.7,1,0
3,1.5,3.0,1,0
0,1.74,2.9,1,0
5,1.48,0.9,2,1
2,9.040000000000001,5.2,2,0
1,1.8,5.0,0,0
0,6.39,6.1,1,0
1,1.77,4.9,2,0
0,14.399999999999999,8.6,2,0
4,3.74,4.9,1,0
5,11.75,6.5,2,0
1,4.109999999999999,3.9,1,0
4,1.06,2.7,1,0
0,0.0,5.9,1,1
3,1.69,4.3,0,0
3,5.02,6.2,2,0
1,1.61,5.2,0,0
2,3.81,2.9,1,0
1,6.539999999999999,6.6,2,0
3,0.0,2.8,2,1
3,5.82,5.8,0,0
4,11.65,7.1,0,0
1,0.0,3.7,2,1
5,7.32,6.8,0,0
1,0.0,5.3,0,1
3,10.3,6.2,1,0
0,1.49,2.8,2,0
0,10.850000000000001,4.9,1,0
1,4.05,1.7,1,0
1,5.24,7.9,2,0
2,0.15,0.5,2,0
2,4.62,3.8,1,0
4,1.56,2.6,2,0
0,6.42,5.8,1,0
4,0.0,8.3,1,1
2,2.34,5.8,0,0
3,13.200000000000001,10.0,1,0
1,3.05,1.7,2,0
1,2.48,1.9,1,0
5,4.44,2.7,1,0
2,5.64,4.7,2,0
5,0.0,2.4,2,1
2,6.2,3.0,0,0
2,3.92,5.7,2,0
4,0.8500000000000001,2.0,1,0
3,2.22,2.2,2,0
2,3.4200000000000004,3.7,2,0
5,1.77,3.9,0,0
2,0.0,6.5,1,1
5,7.300000000000001,2.7,0,0
0,7.65,3.1,0,0
3,4.42,5.7,1,0
4,8.12,6.1,2,0
2,12.600000000000001,7.4,1,0
3,6.48,5.4,0,0
4,10.45,4.8,0,0
1,7.23,5.7,1,0
5,2.8,4.0,0,0
2,7.2,4.0,2,0
1,0.9500000000000002,1.0,2,0
1,4.98,6.3,1,0
3,6.68,4.9,1,0
4,0.0,6.1,2,1
4,0.2,0.0,1,1
3,9.600000000000001,4.4,2,0
5,0.0,2.8,2,1
4,10.6,7.5,2,0
4,4.62,5.7,2,0
1,6.8,5.0,1,0
0,6.65,3.6,2,0
5,1.69,5.3,2,0
3,1.3800000000000001,2.6,0,0
2,0.0,4.3,0,1
3,0.0,3.3,0,1
3,13.2,9.0,0,0
4,12.100000000000001,7.4,1,0
4,4.859999999999999,6.6,0,0
2,4.2,1.5,0,0
5,2.26,6.2,0,0
2,0.0,4.9,1,1
3,9.879999999999999,6.9,2,0
1,1.5299999999999998,5.1,0,0
3,10.0,4.5,2,0
1,4.65,5.0,0,0
2,2.7600000000000007,0.9,1,0
4,5.3999999999999995,3.0,1,0
1,5.88,5.2,1,0
5,11.200000000000001,6.8,2,0
2,5.68,3.4,1,0
1,1.32,4.4,2,0
3,3.2000000000000006,1.3,1,0
3,0.0,7.4,0,1
5,6.029999999999999,6.7,0,0
1,3.58,5.8,0,0
4,7.949999999999999,5.3,0,0
4,11.399999999999999,7.6,2,0
0,7.850000000000001,2.9,1,0
4,0.0,2.7,2,1
3,0.0,6.6,2,1
0,10.0,6.5,0,0
1,2.66,2.1,1,0
1,6.08,3.4,2,0
0,2.5700000000000003,7.9,2,0
0,0.0,5.3,2,1
1,8.92,6.1,2,0
2,3.8400000000000003,2.2,1,0
1,2.14,5.8,0,0
5,0.0,1.7,0,1
5,0.6000000000000001,0.5,2,1
4,9.0,6.0,1,0
1,0.0,7.4,1,1
4,4.8,4.0,2,0
2,0.0,3.4,1,1
4,2.37,7.9,2,0
1,3.6899999999999995,4.1,0,0
3,7.8500000000000005,4.4,0,0
3,9.88,7.9,0,0
2,1.74,3.8,2,0
5,0.0,3.2,2,1
5,4.56,6.1,0,0
0,4.72,3.1,2,0
3,8.3,4.2,1,0
1,3.88,1.9,0,0
0,2.94,4.9,1,0
1,1.5799999999999998,4.6,1,0
3,0.0,6.4,2,1
3,7.529999999999999,6.2,2,0
1,3.36,5.6,0,0
3,6.56,5.3,2,0
4,1.8200000000000003,4.4,2,0
3,12.05,5.7,1,0
5,0.7899999999999999,2.3,2,0
3,0.0,0.0,0,1
1,9.959999999999999,6.8,2,0
1,7.169999999999999,5.8,0,0
5,8.3,4.2,1,0
4,8.12,6.6,1,0
2,3.0,3.0,1,0
4,3.99,3.1,0,0
1,2.68,2.8,1,0
3,4.26,5.6,1,0
5,0.5900000000000001,1.3,2,1
0,5.499999999999999,3.0,0,0
0,8.899999999999999,5.1,1,0
2,3.3200000000000003,2.1,2,0
2,5.300000000000001,3.2,2,0
2,1.4400000000000002,0.1,1,0
3,7.84,5.7,0,0
4,2.94,3.1,1,0
2,3.5599999999999996,2.3,2,0
4,1.3399999999999999,1.9,0,1
0,0.0,3.7,2,1
2,1.9200000000000004,1.3,1,0
3,0.0,8.4,0,1
3,2.0,0.0,1,0
2,4.140000000000001,3.6,1,0
3,4.83,4.7,1,0
2,1.74,2.9,2,0
3,9.600000000000001,4.9,0,0
4,2.54,2.9,0,0
2,0.0,7.6,2,1
2,2.07,2.3,0,0
3,0.0,0.0,0,1
4,0.57,1.9,1,1
3,5.52,5.3,1,0
2,5.67,4.3,2,0
0,7.999999999999999,6.0,0,0
3,8.399999999999999,5.5,2,0
0,4.68,3.2,2,0
1,1.25,3.5,2,0
2,0.0,3.7,2,1
3,5.78,8.3,1,0
3,4.4399999999999995,5.9,2,0
0,4.98,8.3,0,0
4,10.8,6.2,1,0
4,2.02,4.4,1,0
2,2.55,2.5,2,0
3,2.0700000000000003,4.9,1,0
1,2.74,4.4,1,0
1,2.78,4.3,1,0
5,3.6899999999999995,4.1,1,0
1,0.52,0.4,1,0
4,12.5,7.0,1,0
2,1.7200000000000002,4.4,0,0
5,0.0,1.7,1,1
4,6.8999999999999995,5.5,1,0
3,4.5600000000000005,2.8,2,0
5,0.0,5.6,1,1
0,2.09,6.3,1,0
1,1.95,6.5,2,0
2,1.46,4.2,0,0
2,7.550000000000001,3.7,0,0
1,3.12,3.2,1,0
1,5.32,3.1,0,0
1,5.85,4.5,0,0
0,0.0,4.1,0,1
5,4.45,2.8,0,0
1,1.3600000000000003,2.2,1,0
2,2.78,4.3,1,0
2,6.32,3.6,2,0
0,2.2800000000000002,2.2,1,0
4,0.0,6.2,1,1
0,5.2,8.0,0,0
0,7.5600000000000005,6.4,0,0
3,4.72,3.1,1,0
2,4.71,4.4,1,0
4,0.0,7.6,0,1
5,2.12,2.2,1,0
4,8.12,6.1,1,0
3,2.16,1.6,0,0
5,5.140000000000001,7.9,0,0
1,4.59,3.6,2,0
1,10.999999999999998,9.0,1,0
2,12.0,8.0,0,0
0,3.78,4.3,0,0
4,2.36,3.1,1,0
0,4.41,4.9,1,0
4,1.8299999999999998,4.1,0,0
5,1.7600000000000002,3.7,1,1
4,2.2800000000000002,1.2,2,1
0,6.75,3.5,0,0
2,0.9899999999999999,2.3,0,0
4,0.0,5.6,1,1
1,3.9,6.5,0,0
3,5.55,6.0,1,0
1,1.6600000000000001,5.2,2,0
3,1.68,2.8,2,0
1,0.0,4.9,2,1
5,6.6899999999999995,6.1,0,0
1,0.0,3.3,2,1
2,1.51,4.7,1,0
4,1.7100000000000002,4.2,1,0
4,10.56,7.8,2,0
1,6.779999999999999,6.2,2,0
4,2.11,5.7,1,0
2,0.0,1.1,2,1
5,5.52,4.8,2,0
2,0.0,4.2,2,1
2,3.12,4.2,1,0
3,1.41,1.4,1,0
5,3.1599999999999997,2.3,2,0
5,0.0,4.4,1,1
0,8.239999999999998,6.7,2,0
3,2.38,3.3,2,0
2,6.550000000000001,3.7,2,0
0,7.89,8.1,0,0
0,1.87,3.9,0,0
2,9.3,4.2,2,0
2,7.449999999999999,4.3,0,0
0,1.08,1.8,2,0
5,2.33,5.6,0,0
0,0.0,3.2,2,1
2,0.0,4.4,0,1
2,10.1,5.4,1,0
5,0.0,8.4,1,1
2,2.14,1.9,0,0
3,8.24,6.2,2,0
1,0.0,6.2,0,1
5,3.84,3.2,0,0
0,5.28,5.7,1,0
4,10.56,7.8,1,0
3,3.5999999999999996,3.0,1,0
1,0.0,5.0,0,1
1,10.45,5.3,1,0
1,3.96,5.6,1,0
4,2.4499999999999997,6.0,1,0
3,7.359999999999999,4.8,2,0
2,10.499999999999998,5.5,2,0
5,0.0,2.7,0,1
1,6.12,4.8,1,0
2,6.6000000000000005,3.5,0,0
3,0.0,2.0,0,1
1,5.800000000000001,3.5,1,0
4,0.0,5.0,0,1
2,8.48,5.4,1,0
0,3.0,2.0,1,0
1,1.2800000000000002,2.6,2,0
0,10.85,5.9,0,0
4,3.6999999999999997,5.5,0,0
2,12.450000000000001,6.3,1,0
5,5.22,7.2,2,0
4,6.72,5.6,2,0
1,0.0,3.7,0,1
0,1.6099999999999999,4.7,2,0
1,12.16,7.8,0,0
5,3.5,10.0,0,0
2,0.0,5.4,2,1
1,7.12,5.6,1,0
2,12.5,6.0,0,0
3,3.7,4.5,0,0
3,2.64,6.8,0,0
1,4.1,6.5,0,0
3,9.05,5.2,2,0
5,4.109999999999999,3.9,2,0
5,0.49999999999999994,1.5,2,1
4,8.799999999999999,6.0,2,0
0,3.74,4.9,0,0
4,6.2,3.0,1,0
3,2.64,2.2,1,0
1,3.68,5.8,2,0
0,3.95,1.3,0,0
3,6.119999999999999,5.1,2,0
4,6.33,6.2,1,0
2,4.16,5.6,2,0
2,6.440000000000001,3.7,0,0
1,1.7000000000000002,2.0,0,0
4,7.04,5.7,0,0
5,2.5199999999999996,6.9,2,0
4,4.26,3.4,1,0
3,10.75,5.5,0,0
1,7.23,7.7,1,0
0,4.02,5.2,1,0
1,3.33,3.7,2,0
5,5.26,6.6,2,0
4,0.0,3.0,1,1
0,0.0,1.9,0,1
2,9.149999999999999,6.1,0,0
1,4.08,3.7,2,0
2,3.51,3.9,0,0
1,5.8,3.2,1,0
2,3.3600000000000003,3.6,0,0
0,2.59,7.3,2,0
4,12.7,7.8,1,0
4,2.6799999999999997,8.1,1,0
5,0.0,6.7,0,1
5,4.24,5.4,0,0
1,1.92,1.6,1,0
4,2.6599999999999997,4.1,2,0
3,10.76,8.8,2,0
3,6.32,3.6,0,0
5,13.25,7.5,2,0
5,0.0,4.6,1,1
5,0.0,0.0,2,1
0,8.96,5.8,1,0
3,2.6,7.0,0,0
3,5.760000000000001,4.4,2,0
2,11.500000000000002,7.0,1,0
1,3.3000000000000003,1.2,0,0
0,3.0300000000000002,1.7,1,0
3,0.0,4.9,2,1
3,7.050000000000001,5.5,1,0
3,11.040000000000001,7.2,0,1
4,0.0,5.8,0,1
1,0.0,2.1,2,1
2,0.0,4.9,0,1
4,6.93,5.7,2,0
3,3.2,0.8,0,0
3,7.8500000000000005,4.4,2,0
1,0.0,3.8,0,1
2,3.84,3.2,2,0
1,2.0999999999999996,5.5,1,0
0,2.5200000000000005,2.2,1,0
2,7.959999999999999,5.3,2,0
5,9.120000000000001,5.6,0,0
2,5.22,6.7,0,0
2,0.0,2.3,2,1
3,0.0,1.5,0,1
5,7.649999999999999,5.1,2,0
0,0.0,3.9,1,1
5,0.0,10.0,2,1
4,10.600000000000001,5.4,0,0
2,3.36,4.6,0,0
2,9.3,4.2,2,0
4,1.08,2.1,2,0
0,4.36,5.6,2,0
1,9.95,4.3,2,0
3,9.95,4.3,1,0
0,2.82,4.7,0,0
1,4.41,4.9,0,0
1,1.75,1.0,2,0
5,4.52,6.2,2,0
5,0.84,2.8,2,0
2,1.9100000000000001,4.2,1,0
0,6.39,7.1,1,0
3,15.149999999999999,8.1,2,0
4,2.0600000000000005,1.1,0,1
2,7.8999999999999995,4.6,1,0
4,1.8,5.0,0,0
4,1.3499999999999999,1.5,1,1
2,2.4299999999999997,6.1,2,0
1,8.049999999999999,4.7,2,1
2,7.48,4.9,0,0
0,2.02,2.7,2,0
2,8.2,5.3,0,0
3,11.299999999999999,6.2,2,0
3,0.0,4.8,2,1
4,1.7500000000000002,3.5,0,0
2,3.3600000000000003,3.6,2,0
5,10.350000000000001,4.9,1,0
4,6.09,4.6,2,0
5,6.27,6.3,0,0
2,2.1,3.5,2,0
2,1.46,2.1,1,0
2,4.5200000000000005,5.2,2,0
2,6.5,3.5,2,0
5,0.0,6.1,1,1
0,6.199999999999999,4.5,2,0
1,5.22,5.8,2,0
5,4.050000000000001,2.5,0,0
5,1.64,4.8,0,0
1,6.15,3.1,0,0
1,6.65,2.1,0,0
0,1.04,2.8,1,0
1,0.0,3.4,0,1
1,5.2,7.0,0,0
2,1.02,3.4,2,0
1,4.800000000000001,2.0,1,1
3,8.16,4.8,1,0
2,2.86,4.6,0,0
5,5.800000000000001,3.5,2,0
5,0.0,4.2,1,1
0,7.6499999999999995,6.5,1,0
5,1.84,5.8,0,0
1,2.1599999999999997,5.7,0,0
4,4.12,2.1,0,0
4,10.2,10.0,2,0
1,13.4,6.6,0,0
4,6.1499999999999995,5.5,1,0
1,0.66,2.2,1,0
5,12.6,6.4,0,0
0,7.250000000000001,3.5,1,0
3,1.4299999999999997,4.1,2,0
0,2.92,1.1,0,0
4,0.0,2.0,1,1
2,6.66,5.4,1,0
2,6.0,6.5,0,0
0,1.97,5.9,1,0
1,4.68,5.8,1,0
3,0.0,4.4,0,1
1,1.7100000000000002,3.7,2,0
0,10.899999999999999,5.1,1,0
0,8.319999999999999,6.1,2,0
4,7.2,4.5,2,0
4,10.879999999999999,6.9,2,0
2,0.0,4.1,2,1
3,1.0,2.5,2,0
2,2.05,4.5,1,0
0,1.6099999999999999,4.7,1,0
0,5.82,4.3,2,0
1,10.92,7.1,0,0
3,2.4299999999999997,6.1,2,0
3,1.44,1.6,0,0
4,2.28,7.6,1,0
0,0.0,0.0,0,0
0,3.24,8.8,1,0
5,4.88,3.9,0,0
2,4.59,4.1,2,0
2,3.96,4.4,1,0
3,0.0,5.3,0,1
1,0.0,4.5,2,1
5,3.5200000000000005,4.2,0,0
5,8.52,7.1,0,0
3,7.12,5.6,0,0
1,5.4,2.6,1,0
5,7.199999999999999,6.0,1,0
1,7.3999999999999995,5.5,2,0
2,7.1,3.4,0,0
3,10.12,6.1,0,0
4,2.92,4.2,1,0
3,2.5599999999999996,4.1,1,0
4,1.6500000000000001,4.0,0,0
2,0.0,0.0,0,1
4,3.21,3.4,0,0
2,9.85,5.9,1,0
3,0.0,4.5,0,1
1,3.08,1.9,0,0
0,11.849999999999998,6.4,1,0
2,4.88,3.9,1,0
5,1.03,2.1,1,0
3,0.0,8.9,1,1
1,5.28,2.4,0,0
4,3.78,6.3,1,0
2,6.749999999999999,3.0,1,0
3,6.96,4.8,0,0
1,0.91,2.7,2,0
4,1.6,2.0,0,0
5,5.55,5.5,0,0
5,5.52,5.3,0,0
3,6.42,6.8,0,0
0,6.08,4.4,0,0
2,2.67,8.9,0,0
1,4.3,5.0,0,0
0,3.86,5.6,2,0
5,1.08,1.8,0,1
2,5.949999999999999,3.3,0,0
5,6.1499999999999995,5.5,0,0
0,1.4899999999999998,4.3,0,0
0,7.680000000000001,4.9,0,0
4,0.0,2.9,2,1
5,8.299999999999999,4.7,1,0
1,3.2199999999999998,4.7,1,0
2,1.03,2.1,0,0
5,11.7,5.8,2,0
3,0.38,1.1,2,0
0,0.0,4.9,2,1
5,2.8,8.0,1,0
4,5.46,5.9,1,0
1,9.7,5.8,2,0
4,0.91,2.7,1,0
4,5.8,8.0,1,0
2,4.78,7.3,0,0
5,7.199999999999999,2.8,0,0
2,1.1300000000000001,3.6,0,0
4,11.500000000000002,7.0,2,0
4,2.4799999999999995,8.1,0,0
0,3.0,2.0,2,0
1,0.0,2.5,0,1
5,1.51,4.2,2,0
2,0.0,0.2,1,1
1,0.0,4.5,2,1
1,9.28,6.9,1,1
1,0.48,1.6,0,0
5,1.74,4.8,1,0
2,6.949999999999999,3.3,1,0
2,14.2,7.8,0,0
5,0.0,3.4,2,1
0,9.0,7.5,2,0
2,0.0,3.3,2,1
3,9.0,6.0,0,0
5,0.0,5.0,2,1
2,5.130000000000001,4.2,1,0
3,5.880000000000001,2.9,0,0
0,1.9299999999999997,5.1,2,0
0,3.24,3.6,1,0
1,7.65,3.1,1,0
3,0.0,7.4,2,1
1,10.4,5.6,0,0
5,0.0,5.8,1,1
0,0.0,3.7,1,1
1,5.719999999999999,4.1,1,0
2,4.35,4.0,1,0
1,3.92,5.2,2,0
5,0.0,5.8,0,1
1,5.16,4.4,1,0
1,1.74,2.9,1,0
5,5.699999999999999,6.0,1,0
5,5.9399999999999995,4.6,0,0
0,3.24,1.6,1,0
2,0.9299999999999999,0.2,0,0
5,3.0599999999999996,5.1,0,0
5,7.199999999999999,2.8,0,0
3,3.64,5.4,0,0
5,2.54,2.9,2,1
4,6.12,4.8,2,0
2,8.55,3.7,2,0
0,7.949999999999999,8.0,1,0
2,10.48,6.4,0,0
0,0.0,7.2,0,1
5,6.1499999999999995,4.5,2,0
5,3.6599999999999997,6.1,2,0
0,2.82,4.7,0,0
2,11.100000000000001,7.4,2,0
5,7.680000000000001,4.4,1,0
3,0.0,1.7,1,1
1,0.2,0.5,1,0
0,0.0,7.8,0,1
1,0.0,5.5,2,1
2,1.93,5.6,1,0
2,11.6,7.5,1,0
0,0.0,1.2,1,1
4,1.39,3.8,1,0
0,3.6,4.0,1,0
4,6.749999999999998,6.0,2,0
4,2.8600000000000003,3.1,1,0
4,5.12,2.1,1,0
2,1.26,2.1,1,0
4,8.16,6.8,0,0
5,5.75,3.0,2,0
1,4.08,3.4,1,0
5,0.0,5.8,2,1
5,0.0,3.1,1,1
1,2.19,1.1,0,0
3,1.47,1.3,0,0
5,1.4200000000000002,4.4,0,0
2,9.75,5.5,0,0
0,5.64,4.1,1,0
2,8.88,5.4,2,0
4,3.9600000000000004,1.3,1,1
2,2.7600000000000002,1.4,0,0
3,9.299999999999999,9.0,0,0
1,10.4,7.0,1,0
1,4.8,6.0,1,0
1,6.44,3.2,2,0
1,3.9000000000000004,4.0,2,0
1,6.1499999999999995,4.5,2,0
1,0.0,7.1,2,1
0,4.079999999999999,5.3,0,0
1,8.4,5.6,0,0
2,9.8,4.2,2,0
1,2.03,6.1,2,0
2,7.919999999999999,5.1,0,0
5,3.1599999999999997,4.6,0,0
1,4.75,3.0,0,0
5,5.22,4.3,2,0
1,0.0,2.3,2,1
4,1.9700000000000002,4.4,0,0
2,3.62,4.7,0,0
0,0.0,0.0,1,0
2,4.8,4.0,1,0
4,3.65,2.1,0,0
2,5.85,5.5,0,0
1,10.95,5.8,1,0
3,4.5200000000000005,3.6,2,0
2,8.32,5.6,0,0
4,4.82,5.7,0,0
4,7.2,4.0,0,0
0,0.0,7.6,2,1
5,3.8999999999999995,3.0,1,0
2,0.0,7.4,2,1
5,2.5,4.0,2,0
1,4.16,2.8,0,0
5,4.92,3.8,0,0
1,3.9599999999999995,2.3,1,0
0,7.52,6.1,2,0
3,2.7600000000000002,1.3,1,0
2,0.0,7.3,2,1
2,4.32,2.6,0,0
0,7.529999999999999,6.2,1,0
5,0.0,4.5,2,1
4,5.1,5.0,0,0
0,2.88,3.3,0,0
0,2.2600000000000002,5.2,2,0
5,8.2,4.8,0,0
4,1.06,1.6,2,1
1,6.9,2.6,2,0
4,2.04,3.4,2,0
5,0.0,3.0,2,1
1,0.0,7.0,0,1
0,6.199999999999999,4.5,2,0
3,3.48,2.9,2,0
2,5.250000000000001,3.5,2,0
4,1.3,3.5,0,0
0,1.5699999999999998,3.9,1,0
4,1.7799999999999998,2.3,2,0
0,7.600000000000001,2.9,1,0
4,5.0,6.0,1,0
4,9.350000000000001,4.9,2,0
1,2.92,4.2,1,0
2,0.0,4.5,1,1
2,3.9400000000000004,4.4,2,0
1,3.76,4.1,0,0
5,0.0,5.5,1,1
5,11.100000000000001,5.4,2,0
5,1.02,1.4,2,1
1,0.0,4.2,1,1
2,0.7,1.5,1,0
0,2.19,5.8,1,0
2,0.0,6.0,2,1
2,2.9699999999999998,3.3,2,0
1,6.949999999999999,4.3,0,1
3,2.0700000000000003,0.3,0,0
2,0.0,6.4,2,1
2,9.85,5.9,0,0
4,4.48,6.8,1,0
0,0.0,7.5,0,1
5,1.6600000000000001,2.1,0,0
1,11.7,6.3,2,0
4,5.8,7.5,2,0
3,2.9999999999999996,1.5,1,0
4,8.3,4.2,0,0
5,1.74,3.8,2,0
1,0.0,6.2,2,1
1,0.4,0.0,2,0
5,3.13,8.1,1,0
0,7.76,4.3,1,0
2,8.559999999999999,6.3,0,0
2,1.7200000000000002,4.4,1,0
2,9.2,5.5,0,0
1,0.0,0.0,0,1
0,3.630000000000001,3.7,0,0
4,7.38,6.2,2,0
0,6.919999999999999,5.1,2,0
4,2.3,1.2,2,1
1,6.72,4.6,1,0
0,0.0,2.9,2,1
5,5.24,2.7,0,0
3,0.0,1.5,1,1
1,11.55,5.7,1,0
5,10.549999999999999,6.7,2,0
1,0.0,8.7,2,1
0,0.0,1.6,2,1
1,7.999999999999999,6.0,2,0
1,2.26,6.2,1,0
1,1.19,3.3,1,0
4,4.55,2.7,0,0
1,2.7800000000000002,2.3,1,0
4,6.35,3.4,1,0
5,6.28,4.9,2,0
2,0.0,7.2,0,1
5,0.0,6.7,1,1
4,2.3600000000000003,1.3,2,1
2,1.07,2.9,2,0
0,7.739999999999998,7.1,0,0
2,3.8999999999999995,3.0,1,0
1,2.74,4.4,1,0
0,3.32,1.1,1,0
4,13.200000000000001,6.8,1,0
1,3.3000000000000003,0.7,0,0
3,1.38,1.2,2,0
2,9.92,6.6,2,0
1,7.770000000000001,8.3,0,0
2,3.54,3.9,1,0
2,1.4200000000000002,4.4,2,0
4,3.88,6.3,1,0
5,10.649999999999999,5.1,2,0
5,5.22,3.8,1,0
0,1.1500000000000001,3.5,0,0
4,2.68,1.4,1,1
2,7.0,5.0,1,0
5,1.2899999999999998,4.3,0,0
3,7.4,3.6,0,0
5,0.0,2.5,1,1
3,3.64,2.7,1,0
4,4.22,5.7,1,0
4,0.0,6.3,2,1
4,3.42,3.8,1,0
4,3.84,3.6,2,0
3,1.49,2.8,2,0
4,12.6,6.4,2,0
1,0.0,4.6,0,1
5,0.0,5.2,0,1
5,6.029999999999999,5.2,2,0
0,3.2399999999999998,3.9,2,0
2,2.12,2.2,2,0
0,4.0,2.5,0,0
2,10.96,6.8,0,0
0,3.2,3.0,0,0
1,1.1600000000000001,3.7,2,0
0,6.550000000000002,2.2,2,0
2,1.28,2.1,1,0
4,5.3999999999999995,3.0,1,0
4,5.54,7.9,0,0
1,0.0,5.8,0,1
3,4.86,3.4,1,0
3,2.11,6.7,0,0
4,0.0,4.2,2,1
3,6.780000000000001,7.2,1,0
2,3.37,8.9,2,0
1,0.0,6.6,1,1
2,10.049999999999999,4.7,1,0
2,4.04,5.9,0,0
1,4.05,4.5,2,0
5,1.6800000000000002,0.8,2,1
5,3.22,3.2,2,0
2,0.0,2.6,2,1
0,6.65,3.1,0,0
4,2.9299999999999997,8.1,2,0
2,2.21,6.7,0,0
4,2.27,5.4,1,0
3,0.0,6.1,2,1
4,0.42,0.7,0,1
0,0.0,6.0,1,1
1,7.5600000000000005,6.4,2,0
5,1.5000000000000002,0.0,2,1
0,3.6999999999999997,6.0,0,0
4,6.050000000000001,1.7,1,1
4,1.44,0.6,1,1
0,0.0,7.2,1,1
2,1.4500000000000002,2.5,1,0
1,0.0,3.1,2,1
2,10.25,6.5,1,0
3,0.0,3.9,0,1
3,5.319999999999999,4.1,0,0
4,2.5599999999999996,4.1,2,0
3,2.01,5.2,0,0
2,0.0,4.0,2,1
0,0.0,4.7,1,1
5,1.7500000000000002,3.5,2,0
5,1.61,5.2,1,0
3,3.0599999999999996,5.1,0,0
0,15.450000000000001,8.3,2,0
3,1.8100000000000003,3.7,1,0
5,8.149999999999999,4.1,2,0
1,1.6,5.0,1,0
5,8.68,6.4,2,0
5,4.0200000000000005,2.3,2,0
5,2.01,4.7,2,0
5,0.0,0.0,2,1
5,1.85,4.0,1,0
0,0.0,6.6,1,1
0,4.75,3.0,2,0
5,8.680000000000001,4.9,2,0
2,4.26,3.4,0,0
2,2.08,2.8,1,0
4,6.0600000000000005,6.4,1,0
1,0.0,2.4,1,1
2,8.149999999999999,5.1,1,0
0,0.0,5.1,0,1
1,0.0,2.8,2,1
3,0.0,4.8,2,1
2,5.9,2.6,2,0
0,0.0,5.5,0,1
2,2.28,1.9,0,0
5,5.22,3.8,2,0
3,1.45,4.0,0,0
0,0.0,6.7,0,1
0,5.96,4.8,0,0
1,5.14,6.4,0,0
1,5.79,5.6,2,0
1,2.08,5.6,0,0
0,3.58,3.8,2,0
4,0.0,6.5,1,1
1,0.0,3.8,0,1
1,0.0,1.0,1,1
4,3.46,4.1,1,0
0,3.4400000000000004,5.4,0,0
0,2.7600000000000002,1.3,2,0
4,0.0,2.7,2,1
2,1.1,2.0,2,0
2,8.12,6.1,0,0
1,10.16,7.8,0,0
3,1.2799999999999998,4.1,2,0
3,7.52,5.6,2,0
4,6.75,5.5,1,0
2,11.649999999999999,7.6,1,0
1,6.44,3.2,0,0
4,3.26,4.1,2,0
3,1.74,3.8,2,0
1,0.0,4.7,0,1
5,3.35,9.5,2,0
1,6.319999999999999,4.6,0,0
3,4.96,2.8,1,0
0,3.33,2.2,2,0
3,8.6,7.0,2,0
2,0.0,2.8,0,1
2,4.08,5.8,0,0
3,2.8600000000000003,3.1,0,0
2,3.5,2.0,0,0
5,0.0,5.7,1,1
2,6.44,3.2,0,0
4,4.04,5.4,2,0
0,11.5,5.5,2,0
1,8.52,5.6,2,0
4,9.5,4.0,2,0
5,4.14,5.9,1,0
0,1.4100000000000001,2.7,1,0
4,2.1,0.0,1,1
4,5.91,5.9,0,0
3,10.45,4.8,2,0
0,7.199999999999999,3.3,2,0
4,2.79,1.6,1,1
5,2.6,0.4,0,1
4,0.0,4.6,1,1
3,5.88,7.8,2,0
0,9.8,4.2,2,0
0,0.0,3.8,1,1
5,2.05,4.5,2,0
4,6.14,8.9,1,0
3,4.6,6.0,1,0
4,1.2300000000000002,2.6,1,0
5,3.1599999999999997,4.6,1,0
3,1.6600000000000001,5.2,2,0
5,2.88,2.4,0,0
0,0.0,6.0,2,1
0,5.28,2.9,1,0
1,0.0,1.5,2,1
3,0.0,4.7,0,1
2,5.67,4.3,2,0
0,7.749999999999999,4.5,1,0
0,3.2,3.0,0,0
2,1.56,3.2,2,0
5,7.32,6.8,0,0
5,3.64,5.4,2,0
2,2.9600000000000004,2.6,0,0
1,0.22999999999999998,0.6,1,0
3,4.050000000000001,2.7,1,0
1,4.18,4.8,0,0
2,2.82,3.2,2,0
2,7.15,3.1,1,0
2,3.1799999999999997,3.3,2,0
3,3.04,4.4,0,0
2,2.33,6.1,2,0
2,0.0,4.5,0,1
1,3.1599999999999997,4.6,2,0
0,5.64,4.1,0,0
5,5.0,3.5,0,0
3,9.36,6.3,0,0
4,6.6,6.0,0,0
4,0.0,8.6,2,1
2,2.41,5.7,1,0
3,2.6,3.5,0,0
5,0.0,2.7,0,1
4,0.0,6.4,1,1
2,5.8500000000000005,2.9,1,0
2,0.0,6.1,0,1
3,1.7999999999999998,3.0,0,0
1,1.56,5.2,2,0
5,3.3600000000000003,2.4,1,0
5,3.6599999999999997,6.1,2,0
5,3.25,2.0,0,0
1,8.4,5.0,0,0
4,0.0,4.1,0,1
2,4.119999999999999,4.7,0,0
0,5.430000000000001,3.7,1,0
5,6.050000000000001,3.7,2,0
1,0.0,4.8,1,1
0,0.0,2.5,0,1
3,5.0,2.5,2,0
1,7.199999999999999,3.8,0,0
3,0.0,3.7,1,1
2,0.0,2.5,0,1
4,7.96,6.3,1,0
2,6.699999999999999,3.8,1,0
5,5.4,4.0,0,0
4,3.7200000000000006,1.8,0,1
5,5.76,8.6,1,0
2,0.0,9.4,2,1
4,0.0,2.9,1,1
2,8.6,7.0,2,0
3,1.5899999999999999,4.3,1,0
5,5.52,7.7,0,0
3,10.3,5.2,1,0
5,8.049999999999999,4.7,2,0
5,0.4,0.0,2,1
5,5.840000000000001,2.7,2,0
0,6.199999999999999,4.5,2,0
3,0.0,4.9,2,1
0,3.3200000000000003,2.1,1,0
0,1.2999999999999998,3.0,0,0
2,4.26,5.6,0,0
2,4.840000000000001,1.7,1,0
4,1.54,4.8,0,0
1,7.200000000000001,7.0,1,0
3,1.8399999999999999,5.3,2,0
4,3.52,5.2,1,0
3,0.0,0.5,0,1
3,4.680000000000001,2.9,0,0
5,3.0299999999999994,8.6,0,0
2,1.0899999999999999,3.3,1,0
5,0.0,7.0,1,1
0,0.0,3.3,1,1
4,1.82,3.9,0,0
2,10.75,5.5,1,0
1,6.04,4.7,1,0
0,0.0,5.3,0,1
5,0.0,2.9,2,1
5,0.0,2.2,2,1
4,2.8200000000000003,2.7,0,0
0,1.42,3.4,0,0
4,6.4,4.0,2,0
2,0.0,6.6,1,1
1,7.24,4.7,0,0
4,8.75,5.5,2,0
1,10.700000000000001,4.8,1,0
2,0.7899999999999999,2.3,0,0
2,8.0,4.5,2,0
3,1.49,4.8,1,0
5,7.999999999999999,6.0,1,0
5,0.97,2.4,2,0
1,2.48,0.4,1,0
4,6.36,4.9,2,0
0,0.0,5.2,2,1
4,0.0,4.1,1,1
3,9.9,4.6,2,0
4,3.88,6.3,2,0
5,6.4,3.6,0,0
5,7.85,3.9,2,0
2,0.0,4.7,1,1
1,1.03,2.1,2,0
5,1.86,4.2,1,0
3,1.7200000000000002,4.4,0,0
5,15.2,7.8,1,0
5,4.41,3.9,2,0
3,8.280000000000001,4.9,1,0
4,4.58,6.3,0,0
5,5.2,2.8,0,0
4,5.18,7.3,0,0
5,12.4,8.0,1,0
4,0.0,4.4,1,1
2,5.88,3.4,1,0
2,0.0,7.8,0,1
5,0.0,6.1,1,1
4,5.64,4.7,0,0
0,2.27,7.4,0,0
2,4.359999999999999,7.1,2,0
4,5.699999999999999,3.8,2,0
0,7.6,5.0,0,0
3,2.31,5.7,0,0
1,4.89,4.6,0,0
1,1.6800000000000002,1.7,2,0
4,2.3600000000000003,2.6,0,0
4,2.2199999999999998,1.8,2,1
3,8.399999999999999,5.5,2,0
0,3.69,2.1,1,0
0,4.41,4.9,1,0
4,0.0,8.2,1,1
2,9.680000000000001,7.4,2,0
4,1.28,0.8,0,1
2,3.06,1.9,1,0
1,6.280000000000001,2.9,2,0
2,0.0,2.2,0,1
0,1.08,1.2,1,0
3,5.3999999999999995,4.5,2,0
5,0.0,5.9,1,1
5,8.48,6.4,1,0
5,8.65,3.6,2,0
3,0.0,4.0,1,1
1,6.24,5.2,2,0
5,5.07,4.3,2,0
2,6.84,6.1,1,0
3,0.0,5.4,0,1
5,5.24,3.7,0,0
5,0.49,0.8,0,1
5,2.75,7.5,2,0
4,2.36,3.1,1,0
2,0.0,5.2,0,1
0,0.41000000000000003,0.7,1,0
0,4.949999999999999,4.5,0,0
3,0.0,4.7,0,1
0,0.0,4.8,1,1
3,13.0,10.0,1,0
2,5.05,3.2,1,0
2,4.46,6.1,1,0
1,3.8,5.5,0,0
3,2.46,3.1,1,0
2,9.719999999999999,6.1,2,0
4,7.800000000000001,4.2,0,0
4,4.68,6.3,2,0
0,2.77,8.4,0,0
4,7.76,4.8,0,0
5,0.0,3.9,2,1
4,6.539999999999999,6.6,0,0
2,5.18,7.3,2,0
4,0.0,2.7,0,1
1,1.48,3.6,1,0
2,6.209999999999999,5.9,0,0
1,4.98,4.2,2,0
1,0.98,2.6,1,0
1,4.26,5.6,1,0
0,5.5200000000000005,5.8,1,0
1,0.0,3.8,1,1
4,2.76,4.6,0,0
4,3.7199999999999998,3.3,2,0
0,2.28,2.3,1,0
0,1.1,3.5,2,0
5,6.72,4.6,2,0
1,2.25,1.5,1,0
4,1.7600000000000002,3.7,2,0
0,6.04,4.7,2,0
1,9.08,6.9,2,0
3,6.4799999999999995,3.9,2,0
0,4.800000000000001,2.0,0,0
2,7.52,4.1,0,0
1,0.0,3.4,0,1
2,0.0,5.6,2,1
5,4.02,3.8,0,0
0,0.4,0.0,1,0
4,0.0,10.0,2,1
2,4.08,4.8,0,0
2,4.02,4.7,0,0
2,2.3499999999999996,1.4,2,0
2,0.0,1.6,2,1
4,1.69,4.3,2,0
2,9.05,5.2,1,0
1,7.11,5.9,0,0
2,0.0,5.0,1,1
5,2.72,2.1,0,0
5,2.8000000000000003,0.0,2,1
0,5.37,4.3,0,0
4,1.6700000000000002,3.4,2,0
3,1.0,2.0,0,0
0,2.36,6.2,1,0
1,0.6400000000000001,1.3,0,0
5,2.01,5.7,2,0
1,0.0,1.7,1,1
3,9.7,4.8,1,0
3,0.0,6.4,0,1
4,0.0,3.8,0,1
3,0.0,7.9,1,1
3,8.07,8.3,0,0
4,5.4,5.0,2,0
3,1.78,5.6,2,0
4,11.899999999999999,6.6,0,0
4,8.52,5.6,1,0
5,3.24,5.4,0,0
0,4.65,3.5,1,0
3,0.99,1.1,1,0
2,0.0,1.7,2,1
2,8.97,9.3,0,0
4,5.9399999999999995,5.1,1,0
5,0.0,4.0,1,1
2,0.0,7.0,1,1
3,5.499999999999999,3.0,1,0
3,6.029999999999999,5.7,2,0
3,0.0,4.7,2,1
0,6.960000000000001,5.4,2,0
4,5.949999999999999,3.8,2,0
0,6.150000000000001,2.6,2,0
2,3.81,2.9,0,0
4,1.5700000000000003,2.9,0,0
0,4.0,4.5,2,0
0,0.0,1.4,1,1
4,4.5,2.0,1,0
0,6.76,4.8,0,0
2,0.0,4.2,0,1
1,7.8500000000000005,4.9,0,0
0,1.9700000000000002,4.4,2,0
2,6.5,9.5,1,0
3,8.2,4.8,1,0
1,4.830000000000001,3.7,0,0
2,0.0,4.7,0,1
5,11.25,6.5,0,0
4,1.4200000000000002,4.4,0,0
3,6.0600000000000005,5.9,2,0
3,4.18,5.3,1,0
4,5.85,3.9,2,0
5,5.13,4.7,1,0
0,8.28,7.7,2,0
0,3.8,5.0,1,0
1,0.0,2.5,2,1
0,6.85,3.9,1,0
5,2.16,0.3,2,1
4,5.52,4.8,1,0
4,6.99,7.1,0,0
3,1.28,1.8,1,0
4,5.52,4.8,1,0
3,9.0,6.5,2,0
3,4.02,6.7,0,0
2,10.319999999999999,7.1,2,0
1,1.76,0.8,1,0
2,9.0,5.5,1,0
4,0.6499999999999999,1.5,1,1
5,6.0,2.5,1,0
5,5.64,6.1,2,0
4,1.54,4.8,0,0
4,1.9,6.0,1,0
4,5.9,2.6,2,0
2,2.62,7.4,2,0
5,1.77,5.9,2,0
3,1.94,6.3,2,0
0,2.96,2.3,2,0
5,6.42,6.8,1,0
1,1.47,3.9,1,0
0,2.78,3.3,0,0
1,7.02,5.8,0,0
4,9.05,5.7,0,0
3,3.4200000000000004,2.8,0,0
0,9.689999999999998,8.6,2,0
5,3.03,8.1,2,0
2,1.81,5.7,2,0
0,8.600000000000001,5.4,2,0
4,5.28,5.2,2,0
2,0.0,1.4,2,1
2,8.44,4.7,2,0
5,0.0,4.7,2,1
1,5.16,3.3,0,0
5,5.4799999999999995,3.9,1,0
1,1.0,0.0,0,0
4,0.94,2.3,2,0
2,2.09,6.3,2,0
3,0.0,8.0,2,1
2,2.3600000000000003,2.6,1,0
3,8.85,4.9,2,0
3,12.049999999999999,6.7,2,0
4,1.05,3.5,0,0
5,4.14,5.9,0,0
5,1.7700000000000002,4.4,2,0
1,10.28,6.9,1,0
0,4.88,1.9,1,0
3,1.0899999999999999,2.3,0,0
3,4.26,5.1,0,0
2,4.119999999999999,4.7,1,0
0,5.3100000000000005,4.4,0,0
0,11.799999999999999,5.7,2,0
4,3.6900000000000004,2.6,2,0
0,2.2800000000000002,1.8,2,0
2,6.25,3.5,2,0
4,6.800000000000001,3.7,0,0
1,5.4799999999999995,3.9,2,0
4,12.5,7.0,2,0
1,4.499999999999999,6.0,2,0
1,5.04,5.6,2,0
0,9.600000000000001,4.9,1,0
3,1.1300000000000001,3.6,2,0
1,4.2,2.8,0,0
2,0.0,2.1,2,1
5,2.66,3.1,1,0
1,8.600000000000001,4.4,2,0
3,1.98,2.2,0,0
2,7.7,4.8,0,0
4,0.0,4.1,1,1
4,0.0,3.7,0,1
5,2.44,6.8,0,0
1,0.5,0.0,0,0
0,5.430000000000001,3.7,1,0
4,0.0,0.0,1,1
1,1.7,5.0,1,0
3,6.6,6.0,1,0
3,1.28,1.8,1,0
1,3.15,2.1,1,0
1,0.76,1.1,1,0
2,1.7799999999999998,4.6,1,0
2,1.59,3.8,1,0
1,7.85,3.9,2,0
1,3.7199999999999998,3.8,1,0
5,0.0,2.6,2,1
4,0.0,6.8,1,1
0,1.7,5.0,1,0
3,5.15,2.1,1,0
1,0.0,3.1,2,1
3,6.2,2.8,2,0
0,11.950000000000001,7.3,1,0
0,2.02,5.9,1,0
2,4.98,4.2,2,0
3,3.0700000000000003,7.9,1,0
1,5.74,7.4,1,0
2,6.0,4.0,2,0
2,6.550000000000001,3.7,2,0
0,5.22,3.8,2,0
4,3.5400000000000005,2.6,1,0
5,7.800000000000001,8.0,2,0
3,4.25,2.5,1,0
1,9.299999999999999,6.2,0,0
3,0.0,5.9,0,1
0,7.85,3.9,1,0
5,6.06,8.1,1,0
4,3.5999999999999996,1.4,2,1
4,5.07,4.3,1,0
3,1.25,3.5,1,0
4,1.92,6.4,2,0
4,1.76,5.2,1,0
3,0.0,1.0,0,1
1,12.75,7.0,1,0
5,6.6,5.5,2,0
1,1.1700000000000002,2.4,1,0
0,4.92,3.8,1,0
3,2.8499999999999996,1.9,1,0
1,3.5200000000000005,4.2,0,0
1,0.0,4.8,2,1
2,5.76,3.8,0,0
1,2.56,3.6,0,0
4,3.45,1.3,2,1
2,1.76,5.2,2,0
2,2.58,0.7,0,0
2,1.5799999999999998,4.6,0,0
4,1.04,0.9,1,1
1,0.0,4.6,2,1
1,1.4,4.5,0,0
0,7.159999999999999,5.3,1,0
4,7.38,6.2,0,0
0,12.9,6.6,0,0
1,2.97,1.3,2,0
5,0.0,4.4,0,1
4,13.25,8.5,2,0
0,1.71,4.7,0,0
4,3.12,2.8,1,0
5,0.0,4.3,2,1
4,4.44,3.7,2,0
2,2.06,2.1,1,0
2,9.84,6.2,2,0
1,2.11,5.7,1,0
0,0.0,1.8,2,1
4,5.07,4.3,2,0
0,5.3500000000000005,3.4,2,0
2,0.0,1.3,2,1
1,2.44,1.7,0,0
0,3.2,2.0,0,0
2,3.9400000000000004,4.4,0,0
2,0.0,3.6,2,1
5,0.0,2.6,0,1
4,7.800000000000002,3.7,2,0
4,12.249999999999998,6.0,2,0
0,0.0,5.2,1,1
1,10.999999999999998,6.5,1,0
1,5.6,4.0,1,0
3,12.05,7.7,2,0
1,2.2600000000000002,5.2,1,0
2,4.2,3.5,1,0
0,6.04,4.7,2,0
0,0.0,2.0,2,1
3,4.68,3.9,0,0
3,4.04,5.4,2,0
3,8.44,5.7,0,0
5,4.530000000000001,3.7,2,0
5,0.0,10.0,1,1
0,0.0,4.2,2,1
1,0.0,1.1,0,1
0,13.599999999999998,6.9,2,0
5,6.33,5.7,2,0
1,3.0,5.0,1,0
2,0.0,3.6,2,1
2,4.92,5.3,1,0
4,13.799999999999999,7.7,0,0
2,1.72,4.9,2,0
3,2.9,1.6,0,0
1,0.6500000000000001,0.0,2,0
3,7.949999999999999,5.3,1,0
3,4.2,2.5,2,0
5,4.619999999999999,4.3,1,0
3,4.28,2.9,0,0
3,3.64,2.7,0,0
0,0.0,3.0,1,1
1,0.0,3.2,2,1
0,1.93,6.1,1,0
4,2.08,5.6,1,0
0,2.06,2.1,1,0
3,0.0,2.4,1,1
4,5.969999999999999,5.3,0,0
3,0.0,6.6,1,1
2,12.9,6.6,1,0
0,2.5,2.5,0,0
4,2.35,6.5,0,0
4,0.54,0.9,0,1
1,8.65,4.1,2,0
4,11.5,5.5,2,0
3,0.27,0.3,0,0
4,3.26,8.7,1,0
2,4.42,7.2,1,0
5,11.7,5.8,0,0
4,2.16,2.6,0,0
0,0.0,4.4,2,1
0,1.8299999999999998,6.1,0,0
5,0.7899999999999999,2.3,2,0
3,3.76,4.1,0,0
1,8.76,6.3,1,0
0,1.65,1.5,0,0
0,3.62,5.2,1,0
5,0.7,1.0,0,1
2,3.9000000000000004,2.6,2,0
3,0.0,3.5,0,1
5,3.5,5.5,1,0
2,0.0,3.1,1,1
1,3.6799999999999997,4.8,1,0
2,3.06,3.1,0,0
0,1.02,3.4,2,0
1,8.4,7.0,2,0
5,2.58,2.2,2,0
1,0.0,6.0,1,1
2,4.05,4.5,1,0
3,1.49,3.3,2,0
2,6.65,2.1,2,0
3,0.0,2.2,0,1
3,5.499999999999999,3.0,0,0
1,3.3200000000000003,4.2,0,0
5,8.639999999999999,5.7,2,0
4,1.17,3.9,2,0
2,2.4,4.0,2,0
1,0.0,4.3,1,1
5,9.0,5.5,2,0
3,3.88,5.8,0,0
1,1.11,1.7,0,0
5,2.94,3.9,1,0
1,9.600000000000001,7.0,0,0
3,0.0,1.9,0,1
1,5.64,4.6,1,0
5,7.44,4.2,0,0
5,1.62,3.4,1,0
0,2.81,7.7,0,0
5,0.0,4.6,1,1
1,2.75,7.5,1,0
1,4.35,4.5,2,0
3,8.88,5.4,1,0
2,1.29,3.3,0,0
0,2.04,3.4,2,0
4,4.92,5.3,2,0
2,2.22,5.4,2,0
4,6.63,5.7,1,0
0,8.95,5.3,1,0
4,2.8200000000000003,1.8,2,1
5,4.41,2.9,1,0
1,6.779999999999999,6.2,0,0
2,2.64,0.6,0,0
3,0.0,5.1,0,1
5,0.0,4.3,1,1
0,0.0,6.2,0,1
0,1.89,5.3,0,0
3,0.96,3.2,1,0
0,4.140000000000001,3.1,1,0
0,4.95,3.5,0,0
5,8.84,5.7,2,0
4,0.8,0.0,2,1
2,6.76,4.8,1,0
2,6.05,2.7,1,0
5,0.0,4.9,1,1
1,6.029999999999999,5.2,2,0
0,0.9600000000000001,1.2,0,0
4,6.4,4.0,2,0
5,1.49,4.8,1,0
4,5.13,4.7,2,0
5,1.2899999999999998,4.3,1,0
1,0.8300000000000001,2.1,0,0
1,5.8500000000000005,2.4,1,0
3,0.0,1.7,0,1
5,0.0,5.6,0,1
3,5.67,4.3,2,0
1,5.28,4.4,1,0
3,2.7900000000000005,1.1,2,0
1,6.880000000000001,4.4,1,0
0,9.200000000000001,5.8,1,0
2,0.72,0.8,1,0
3,2.04,3.4,2,0
4,5.3500000000000005,1.4,2,1
0,3.93,3.7,1,0
5,4.530000000000001,2.7,2,0
5,1.64,5.3,1,0
1,8.7,4.8,2,0
2,4.26,7.1,2,0
5,5.28,4.4,0,0
5,0.0,5.2,2,1
0,6.1,3.4,1,0
2,2.96,2.3,2,0
2,3.92,6.2,2,0
5,13.5,7.0,1,0
0,9.68,5.9,2,0
5,4.08,4.8,0,0
2,4.720000000000001,2.6,0,0
4,2.14,6.8,0,0
0,12.05,5.7,0,0
4,13.25,8.5,1,0
3,0.0,2.2,1,1
0,7.529999999999999,6.2,0,0
1,4.760000000000001,5.6,1,0
1,3.42,3.8,2,0
1,0.0,7.2,2,1
1,7.359999999999999,5.3,2,0
5,2.06,2.6,0,0
1,5.97,4.3,0,0
2,2.94,2.6,1,0
1,0.0,3.6,1,1
2,3.64,5.9,1,0
2,8.799999999999999,6.5,0,0
3,4.24,4.9,1,0
2,0.8999999999999999,3.0,2,0
3,0.0,5.3,2,1
4,4.4399999999999995,5.9,2,0
3,1.52,0.6,0,0
3,0.0,4.7,1,1
2,3.6899999999999995,4.1,1,0
5,5.24,6.4,0,0
1,8.76,5.3,0,0
2,0.0,5.5,2,1
5,4.3500000000000005,3.5,0,0
4,5.85,4.5,2,0
5,9.479999999999999,6.4,2,0
0,1.8200000000000003,4.4,1,0
5,0.0,4.8,2,1
2,0.72,1.4,1,0
3,0.0,4.4,2,1
3,1.2,0.5,1,0
1,1.4500000000000002,3.5,0,0
4,7.119999999999999,4.6,1,0
3,4.1,6.0,0,0
3,7.250000000000001,2.5,1,0
2,8.84,5.2,0,0
0,9.08,7.4,0,0
3,0.96,3.2,0,0
4,4.08,1.4,2,1
5,4.59,5.1,0,0
0,0.0,2.1,1,1
0,1.84,2.9,0,0
0,10.16,6.3,0,0
5,5.580000000000001,8.3,1,0
1,3.2,2.5,0,0
1,1.0999999999999999,3.0,1,0
5,5.12,3.6,0,0
2,0.0,3.4,1,1
1,14.100000000000001,8.4,1,0
3,1.27,3.4,0,0
3,3.0200000000000005,3.7,0,0
2,5.12,7.7,0,0
2,0.0,5.7,0,1
1,0.0,6.5,0,1
0,0.91,2.7,0,0
0,6.35,3.4,2,0
4,2.31,2.4,0,0
4,10.149999999999999,6.1,2,0
2,14.000000000000002,7.0,2,0
5,5.56,3.3,2,0
2,6.2,3.8,0,0
2,3.51,3.9,1,0
0,0.62,1.4,1,0
1,3.84,3.2,1,0
4,1.9999999999999998,6.0,0,0
0,0.0,2.7,1,1
4,2.01,4.7,1,0
0,6.35,1.9,0,0
1,1.7600000000000002,4.2,0,0
5,0.0,3.4,2,1
3,0.0,2.1,0,1
5,9.32,6.1,1,0
0,9.299999999999999,6.2,0,0
3,0.0,2.6,0,1
1,0.0,4.1,1,1
1,0.0,4.6,1,1
0,0.9200000000000002,0.9,0,0
3,3.33,1.7,0,0
0,0.0,7.1,0,1
4,0.0,2.4,1,1
4,2.6,7.0,2,0
5,1.7700000000000002,1.8,0,1
3,0.0,5.8,0,1
5,7.48,3.9,0,0
1,7.44,4.2,2,0
2,5.419999999999999,8.2,0,0
1,0.0,2.0,2,1
1,7.24,5.7,0,0
1,4.760000000000001,5.6,1,0
4,0.0,10.0,2,1
4,5.36,2.3,1,0
2,4.84,3.2,0,0
2,5.489999999999999,6.1,1,0
5,5.04,4.1,2,0
4,2.56,3.6,0,0
0,0.0,6.4,1,1
5,0.0,4.0,2,1
1,2.73,2.7,2,0
5,2.1999999999999997,6.0,2,0
0,10.95,5.3,1,0
4,2.7399999999999998,3.9,2,0
5,7.199999999999999,3.8,0,0
2,4.24,2.7,0,0
3,7.199999999999999,6.0,2,0
1,1.79,3.8,2,0
2,8.0,3.0,0,0
3,2.31,1.9,0,0
5,6.87,5.3,2,0
0,3.5000000000000004,3.5,0,0
2,2.4000000000000004,0.5,2,0
2,1.08,2.1,1,0
4,8.25,4.0,2,0
5,7.72,4.1,2,0
4,0.0,4.0,1,1
0,2.8200000000000003,3.7,2,0
5,1.3499999999999999,1.5,2,1
1,2.88,2.8,1,0
5,4.64,6.9,0,0
3,11.149999999999999,6.6,0,0
0,3.62,5.7,0,0
4,9.25,5.5,0,0
4,0.0,6.3,0,1
3,2.7800000000000002,2.3,1,0
3,1.7799999999999998,4.6,1,0
3,1.38,2.3,2,0
5,1.34,2.3,0,0
3,0.0,5.2,1,1
2,11.6,6.4,1,0
0,7.399999999999999,4.1,0,0
1,2.44,7.8,1,0
1,2.94,4.9,2,0
4,0.0,2.9,2,1
0,0.0,2.3,0,1
4,3.9,6.5,0,0
3,6.16,4.8,0,0
5,0.0,5.9,2,1
5,3.5000000000000004,0.0,1,1
2,7.8,5.0,2,0
0,1.6500000000000001,3.5,0,0
0,3.4800000000000004,1.7,1,0
1,7.8500000000000005,4.4,2,0
2,6.029999999999999,6.7,0,0
5,12.0,9.0,0,0
3,0.0,5.0,1,1
3,2.46,3.1,2,0
3,3.8999999999999995,3.0,1,0
2,2.52,6.4,1,0
5,0.0,2.5,2,1
0,8.84,5.7,2,0
1,1.7299999999999998,5.1,2,0
2,1.67,4.9,1,0
4,2.0100000000000002,1.4,1,1
3,2.28,3.8,2,0
5,1.1300000000000001,1.6,2,1
3,0.0,3.3,1,1
0,10.16,6.3,2,0
0,0.0,7.0,0,1
3,2.0700000000000003,4.9,2,0
1,0.0,3.4,0,1
2,2.81,7.7,0,0
5,6.359999999999999,3.3,1,0
5,2.64,2.2,1,0
5,12.350000000000001,5.9,1,0
5,4.86,5.4,2,0
2,6.1,3.4,1,0
0,5.43,4.7,2,0
5,9.08,5.4,1,0
1,0.0,4.9,0,1
2,6.0600000000000005,5.4,1,0
1,7.000000000000001,3.5,0,0
1,1.93,5.6,2,0
0,7.0,4.5,1,0
2,4.4399999999999995,3.6,1,0
2,1.3,4.0,0,0
2,1.2899999999999998,4.3,1,0
0,0.0,1.6,2,1
4,8.05,3.2,0,0
4,0.0,4.6,2,1
1,2.2199999999999998,1.8,2,0
5,0.0,3.3,0,1
4,2.79,9.3,2,0
1,3.18,2.2,1,0
2,3.0200000000000005,3.7,2,0
4,4.32,2.8,1,0
2,0.0,4.3,0,1
5,5.08,2.9,1,0
0,6.4,4.0,2,0
0,1.96,3.1,1,0
3,6.539999999999999,6.6,2,0
2,0.0,4.7,1,1
3,4.3500000000000005,2.5,0,0
3,7.529999999999999,6.2,0,0
0,0.0,2.6,1,1
0,0.0,1.4,0,1
1,2.05,4.5,1,0
2,5.380000000000001,8.3,2,0
0,2.5200000000000005,0.8,1,0
0,2.8200000000000003,1.8,2,0
5,2.1999999999999997,6.0,1,0
4,3.4799999999999995,3.2,2,0
4,2.31,5.7,0,0
2,5.45,2.8,1,0
3,0.0,4.8,0,1
0,13.5,8.0,0,0
1,3.09,2.1,2,0
3,10.75,6.5,0,0
5,4.34,5.9,2,0
1,2.8499999999999996,1.5,0,0
5,4.5600000000000005,5.6,0,0
1,6.319999999999999,4.6,1,0
5,8.04,4.7,1,0
1,9.8,5.2,2,0
5,6.699999999999999,3.8,0,0
4,1.7799999999999998,4.6,0,0
3,0.0,5.0,1,1
1,8.2,6.0,2,0
4,0.94,1.4,1,1
2,2.73,7.1,0,0
1,2.1300000000000003,2.2,2,0
2,7.999999999999999,6.0,0,0
4,4.2299999999999995,4.7,1,0
1,5.1,1.9,2,0
5,1.98,5.6,1,0
5,3.92,2.6,0,0
3,6.539999999999999,6.6,0,0
5,0.9299999999999999,3.1,1,0
1,4.2,1.5,0,0
3,8.94,7.6,1,0
5,2.0700000000000003,4.9,1,0
5,0.0,6.2,2,1
4,6.7,2.8,0,0
2,0.31,0.7,0,0
0,8.91,7.9,1,0
2,0.0,4.5,2,1
4,2.05,5.5,1,0
3,6.12,5.8,0,0
5,6.949999999999999,3.8,2,0
3,10.5,5.0,2,0
5,11.64,7.7,1,0
2,3.6400000000000006,4.4,1,0
5,7.68,6.4,2,0
5,2.6,0.5,0,1
2,7.379999999999999,6.7,0,0
3,0.0,1.5,2,1
4,6.1499999999999995,6.5,1,0
1,0.0,5.3,1,1
4,5.959999999999999,4.3,0,0
4,0.0,4.3,0,1
1,0.0,4.0,2,1
5,3.0400000000000005,2.9,0,0
3,1.8299999999999998,4.1,0,0
3,5.94,8.9,1,0
1,11.65,7.1,1,0
4,1.78,2.8,0,0
2,0.0,5.0,1,1
4,1.46,4.7,1,0
0,7.800000000000001,4.2,1,0
3,7.250000000000001,2.5,0,0
0,2.07,5.4,1,0
5,6.779999999999999,6.2,0,0
4,5.2,2.8,0,0
5,10.08,8.4,2,0
1,7.949999999999999,7.5,2,0
3,6.540000000000001,5.6,2,0
1,3.6000000000000005,2.0,0,0
2,4.92,5.3,2,0
4,0.0,5.1,1,1
4,8.2,5.5,2,0
0,0.0,7.7,0,1
2,3.36,4.1,1,0
4,10.719999999999999,8.6,1,0
5,10.95,5.3,1,0
0,5.85,3.9,2,0
1,10.17,9.3,2,0
3,0.0,6.2,2,1
5,6.920000000000001,3.6,2,0
2,1.51,4.7,1,0
3,9.200000000000001,5.8,0,0
2,4.68,4.2,2,0
0,0.0,4.8,0,1
2,1.74,2.9,1,0
3,0.0,1.1,0,1
3,5.84,4.7,0,0
0,3.08,4.8,2,0
0,0.0,5.6,2,1
5,1.9799999999999998,3.3,1,0
0,3.7200000000000006,1.8,2,0
0,0.0,2.6,0,1
3,0.0,6.6,0,1
4,6.44,3.2,0,0
0,3.3600000000000003,3.6,0,0
4,1.17,3.9,2,0
2,1.19,3.3,1,0
0,2.66,3.1,2,0
2,5.700000000000001,2.8,0,0
2,0.0,7.3,1,1
5,5.91,5.9,1,0
1,5.4,7.0,0,0
4,8.760000000000002,7.4,0,0
3,0.9000000000000001,0.0,2,0
0,9.05,5.2,1,0
2,6.359999999999999,3.3,1,0
5,4.62,6.7,2,0
5,8.0,3.0,0,0
2,3.6799999999999997,2.4,1,0
5,0.0,1.6,2,1
5,6.279999999999999,3.9,1,0
3,1.99,6.3,2,0
0,10.5,5.0,1,0
0,0.0,2.1,0,1
1,0.0,8.8,0,1
2,8.76,5.8,1,0
2,3.6599999999999997,6.1,1,0
5,11.32,7.1,1,0
0,2.43,1.2,2,0
5,4.23,2.7,0,0
3,3.76,6.1,2,0
1,1.94,2.9,0,0
2,6.279999999999999,3.9,0,0
4,2.9799999999999995,4.3,2,0
4,0.62,1.9,0,1
2,6.949999999999999,3.8,0,0
2,1.94,6.3,1,0
1,0.0,6.0,2,1
3,6.93,6.7,2,0
4,7.799999999999999,6.5,0,0
4,0.0,5.3,2,1
2,0.0,5.2,0,1
3,0.0,5.0,0,1
0,5.8,3.2,2,0
4,2.3400000000000003,2.4,0,0
4,3.16,3.1,1,0
4,1.54,3.8,2,0
3,6.3,3.2,2,0
4,4.58,5.3,0,0
2,1.47,4.9,2,0
0,6.52,5.1,2,0
3,0.0,5.2,1,1
0,4.14,6.9,1,0
1,7.749999999999999,4.5,2,0
2,2.15,6.5,0,0
0,0.0,5.5,1,1
2,13.200000000000001,6.8,1,0
4,2.91,7.7,1,0
2,2.11,5.7,0,0
1,3.8200000000000003,4.7,2,0
0,1.6099999999999999,4.7,2,0
5,1.28,3.6,1,0
2,2.9000000000000004,3.5,2,0
4,7.470000000000001,6.3,1,0
0,6.150000000000001,2.6,1,0
2,8.73,7.7,0,0
0,5.84,4.2,0,0
2,7.3,10.0,1,0
5,7.15,3.1,0,0
4,4.5,5.0,0,0
0,5.359999999999999,3.8,0,0
5,5.8500000000000005,2.9,2,0
4,4.76,6.6,2,0
0,1.19,2.3,0,0
0,0.0,3.1,2,1
1,10.549999999999999,5.7,1,0
3,10.0,6.0,1,0
0,5.550000000000001,1.7,0,0
2,11.55,5.7,0,0
0,2.98,4.8,2,0
2,0.0,2.7,0,1
1,6.080000000000001,2.9,0,0
2,0.64,0.4,1,0
5,15.350000000000001,7.9,1,0
1,12.75,6.5,2,0
1,0.0,1.9,2,1
3,4.26,6.1,2,0
5,4.28,3.4,0,0
4,6.419999999999999,6.3,0,0
2,1.6500000000000001,3.5,0,0
0,2.28,3.8,0,0
4,5.85,3.9,1,0
1,3.0300000000000002,3.2,2,0
2,4.4799999999999995,7.3,2,0
0,1.99,6.3,1,0
4,7.640000000000001,4.7,1,0
3,2.65,6.5,0,0
4,1.7999999999999998,1.2,2,1
0,2.4000000000000004,2.0,2,0
0,6.209999999999999,5.4,1,0
3,0.0,6.0,2,1
5,7.919999999999999,5.1,1,0
4,0.41000000000000003,0.7,2,1
4,2.91,2.4,1,0
2,0.0,5.3,0,1
1,3.2699999999999996,9.4,2,0
0,0.0,6.9,0,1
1,5.42,7.7,1,0
4,3.52,5.2,2,0
3,0.0,5.2,2,1
4,2.76,2.4,0,0
3,12.6,6.4,0,0
5,6.8500000000000005,4.4,1,0
3,1.77,5.9,0,0
4,5.9399999999999995,4.6,2,0
5,3.26,5.1,2,0
2,5.07,4.3,2,0
0,7.8500000000000005,4.9,2,0
1,3.9,6.5,0,0
3,0.0,2.0,0,1
3,0.6499999999999999,1.5,1,0
0,4.44,5.4,0,0
4,0.0,7.4,1,1
1,6.04,7.9,0,0
2,1.8900000000000001,2.1,0,0
5,0.0,3.7,2,1
3,1.4999999999999998,1.5,0,0
0,4.48,3.4,1,0
5,11.05,6.7,2,0
1,9.25,4.5,0,0
0,5.76,3.8,2,0
0,8.52,5.6,2,0
5,4.41,2.9,2,0
0,7.830000000000001,7.7,1,0
5,6.6,4.5,1,0
0,6.240000000000001,3.7,0,0
1,3.62,5.7,2,0
2,2.57,6.4,0,0
0,5.82,7.7,1,0
4,3.26,4.1,2,0
3,10.299999999999997,6.7,1,0
4,6.64,4.7,2,0
1,3.9599999999999995,3.3,2,0
3,4.35,2.9,2,0
3,1.14,2.3,0,0
3,2.6999999999999997,3.0,1,0
4,0.0,6.7,1,1
3,4.34,5.9,1,0
2,0.65,2.0,2,0
5,0.0,1.0,0,1
4,2.68,2.3,0,0
4,0.0,2.9,0,1
1,3.2399999999999998,3.9,0,0
4,12.2,6.8,2,0
5,5.3500000000000005,3.4,2,0
2,0.0,7.9,0,1
1,4.65,1.1,0,0
3,7.199999999999999,3.8,1,0
5,0.0,6.1,2,1
4,5.02,6.2,0,0
2,0.0,3.8,2,1
0,5.1,6.5,1,0
0,2.28,6.1,0,0
3,3.7199999999999998,3.1,2,0
4,0.0,5.1,2,1
0,9.85,5.9,2,0
0,3.2699999999999996,3.3,2,0
2,5.54,7.9,2,0
1,0.0,2.8,2,1
4,5.96,4.8,1,0
2,2.5500000000000003,2.0,2,0
1,7.24,4.7,1,0
4,1.37,2.4,1,0
5,1.3699999999999999,3.9,2,0
2,2.0700000000000003,1.3,0,0
2,0.0,6.1,2,1
4,2.2600000000000002,5.2,1,0
5,6.63,6.7,2,0
1,7.7,3.8,2,0
1,2.54,6.8,2,0
0,3.96,4.6,1,0
0,1.81,4.7,1,0
1,5.42,8.7,1,0
2,6.000000000000001,3.5,0,0
1,9.200000000000001,7.0,0,0
1,1.95,5.5,0,0
0,4.5600000000000005,3.4,0,0
4,2.04,1.9,2,1
1,5.28,2.4,0,0
3,0.0,6.8,0,1
4,9.6,8.0,0,0
4,9.05,4.7,2,0
1,5.96,4.8,0,0
4,6.99,6.1,0,0
1,5.52,4.6,0,0
0,9.639999999999999,6.7,1,0
1,2.03,5.1,0,0
2,1.8399999999999999,4.8,0,0
4,2.79,3.1,0,0
4,3.92,2.6,2,0
4,1.2000000000000002,0.0,0,1
4,13.5,7.0,0,0
5,5.04,4.2,1,0
0,0.0,3.7,1,1
0,1.9,0.6,2,0
1,4.04,3.2,2,0
2,3.9999999999999996,3.0,0,0
3,0.0,2.9,1,1
2,8.84,5.2,2,0
2,0.0,4.7,2,1
5,4.95,1.8,1,1
3,0.87,1.9,0,0
4,3.51,1.9,1,1
4,2.8299999999999996,8.1,0,0
5,2.45,7.5,0,0
1,1.68,2.8,1,0
0,0.15,0.5,0,0
4,4.32,4.8,2,0
3,0.0,4.6,1,1
5,0.0,5.1,2,1
0,2.4499999999999997,6.0,0,0
3,7.48,5.4,0,0
0,5.949999999999999,2.3,1,0
2,7.919999999999999,5.1,1,0
1,0.0,6.2,0,1
4,0.0,3.1,1,1
1,4.06,5.1,0,0
2,0.0,3.4,2,1
1,8.85,8.5,1,0
3,2.8200000000000003,1.8,2,0
1,13.45,6.8,1,0
0,1.7999999999999998,1.2,2,0
5,0.0,8.1,0,1
2,3.9300000000000006,2.2,0,0
2,1.67,4.9,0,0
4,0.56,1.2,0,1
1,1.7700000000000002,1.8,1,0
2,8.36,6.3,2,0
2,5.9399999999999995,6.6,1,0
2,0.0,5.0,1,1
4,7.199999999999999,6.0,0,0
4,12.149999999999999,6.6,1,0
3,2.46,3.1,2,0
1,1.22,1.7,1,0
0,5.85,4.5,2,0
5,3.57,3.3,0,0
1,3.78,5.3,0,0
4,9.9,5.6,1,0
3,2.36,3.1,2,0
3,0.0,5.9,0,1
3,0.0,5.8,0,1
5,2.37,5.9,1,0
0,1.7100000000000002,3.7,2,0
3,7.319999999999999,6.1,0,0
1,9.5,5.5,0,0
0,0.0,5.8,2,1
5,2.42,7.9,1,0
4,6.24,5.2,1,0
1,4.76,3.3,0,0
1,0.94,2.3,0,0
3,4.18,6.8,1,0
3,0.0,5.2,1,1
2,0.0,7.8,0,1
0,0.96,0.4,2,0
5,8.36,6.3,2,0
0,6.0,4.0,0,0
2,3.58,3.8,0,0
3,5.499999999999999,3.0,0,0
4,0.0,6.3,0,1
0,0.0,5.7,1,1
2,4.550000000000001,2.2,2,0
5,1.64,4.8,2,0
3,0.0,5.9,2,1
5,4.5600000000000005,4.9,1,0
1,2.01,6.7,0,0
5,1.5699999999999998,3.9,2,0
1,0.75,0.0,2,0
1,1.87,4.9,1,0
3,1.52,4.9,0,0
0,8.12,5.1,0,0
2,2.6599999999999997,6.7,0,0
3,0.72,0.6,2,0
1,3.8000000000000003,4.0,1,0
5,0.0,2.7,2,1
0,6.15,2.1,1,0
1,8.850000000000001,4.4,1,0
4,3.94,5.9,2,0
3,0.0,5.1,1,1
3,0.0,3.1,1,1
0,3.7800000000000002,4.2,1,0
4,10.600000000000001,6.4,0,0
4,0.0,5.9,0,1
4,5.6000000000000005,3.4,0,0
5,1.19,3.3,0,0
0,2.34,1.1,2,0
1,1.08,3.6,2,0
3,1.5,1.0,2,0
4,9.239999999999998,8.6,0,0
1,0.0,2.8,2,1
1,2.71,6.7,0,0
5,6.26,8.1,0,0
4,4.140000000000001,4.9,1,0
2,3.869999999999999,4.3,1,0
4,3.51,1.9,0,1
3,0.0,3.5,1,1
3,7.23,7.7,1,0
4,0.0,5.2,1,1
4,8.899999999999999,4.6,1,0
0,6.99,7.1,2,0
4,1.87,5.9,1,0
5,0.0,4.2,0,1
3,0.0,4.9,1,1
5,2.6999999999999997,3.0,1,0
1,2.24,3.4,2,0
0,2.9599999999999995,4.1,2,0
4,9.520000000000001,5.6,2,0
5,5.25,2.0,1,0
2,4.9799999999999995,4.7,0,0
5,2.4200000000000004,3.7,2,0
2,5.840000000000001,2.7,1,0
4,0.0,3.7,1,1
3,0.0,0.0,1,0
1,1.55,3.0,2,0
5,5.699999999999999,2.3,1,0
5,7.1,3.9,2,0
3,0.0,0.0,1,0
2,3.9400000000000004,4.9,0,0
4,2.49,6.3,0,0
2,1.5399999999999998,4.3,1,0
5,8.75,5.5,2,0
1,1.3,3.5,1,0
3,0.0,1.4,0,1
4,3.6,4.5,1,0
0,5.46,5.9,2,0
4,0.0,1.9,2,1
4,0.0,3.6,2,1
0,8.0,4.0,2,0
3,6.6000000000000005,10.0,0,0
0,3.34,4.9,2,0
5,0.41000000000000003,0.7,2,1
1,0.3,0.2,0,0
4,0.0,6.0,2,1
0,6.9,9.5,0,0
2,4.68,3.9,2,0
0,7.95,3.8,2,0
1,6.680000000000001,5.4,2,0
3,4.41,2.9,2,0
5,0.0,0.0,1,1
0,0.0,6.6,1,1
5,4.92,3.3,2,0
1,6.539999999999999,6.6,2,0
3,0.0,3.0,2,1
1,8.04,4.7,1,0
5,5.58,6.2,2,0
5,4.359999999999999,6.6,0,0
3,6.4,5.0,1,0
5,1.67,4.9,1,0
2,3.42,5.7,1,0
3,10.1,5.4,2,0
4,4.85,1.9,0,1
4,3.25,2.0,1,0
3,1.3800000000000001,0.3,0,0
5,5.3999999999999995,6.0,0,0
3,4.640000000000001,3.7,0,0
0,4.859999999999999,6.1,2,0
5,4.58,5.3,2,0
5,3.4,2.5,2,0
2,1.5899999999999999,4.3,1,0
1,0.0,3.6,1,1
1,4.76,3.3,0,0
4,5.08,6.3,1,0
2,13.0,9.5,2,0
3,4.119999999999999,6.7,2,0
5,6.880000000000001,4.4,2,0
1,8.8,7.0,2,0
2,7.11,7.9,0,0
2,2.4200000000000004,1.7,1,0
4,0.0,6.9,2,1
5,0.0,6.0,0,1
0,13.35,6.9,1,0
1,9.32,6.1,0,0
2,0.0,4.0,2,1
5,11.12,8.6,2,0
4,7.24,5.2,2,0
5,0.0,3.6,1,1
0,6.1499999999999995,5.5,2,0
1,0.0,6.4,1,1
2,2.11,4.7,0,0
5,10.95,5.3,1,0
0,3.2199999999999998,4.7,0,0
4,0.0,3.2,1,1
1,5.08,2.9,2,0
5,0.0,1.7,2,1
2,2.25,7.5,0,0
0,9.65,4.1,1,0
1,2.0,0.0,1,0
2,0.0,5.3,0,1
2,0.0,5.3,1,1
5,0.48,0.8,1,1
0,3.56,2.8,0,0
5,2.9200000000000004,2.7,0,0
5,1.55,3.0,0,0
5,6.51,6.9,1,0
0,2.62,4.2,0,0
2,3.84,3.6,0,0
4,11.05,6.7,0,0
0,5.25,5.5,0,0
5,3.0,1.0,2,1
3,2.88,3.3,2,0
2,6.39,5.1,2,0
1,4.9,2.6,0,0
0,15.399999999999999,8.6,1,0
2,10.049999999999999,4.7,2,0
1,2.1999999999999997,3.0,0,0
2,0.0,2.3,2,1
5,7.109999999999999,6.4,2,0
3,2.7199999999999998,3.2,0,0
4,11.45,5.3,0,0
1,2.1300000000000003,2.2,2,0
5,3.26,4.6,0,0
2,4.04,3.2,2,0
1,0.0,3.9,2,1
0,7.850000000000001,2.9,2,0
3,8.719999999999999,6.6,2,0
1,6.25,3.5,1,0
2,2.62,4.2,1,0
4,7.449999999999999,4.3,0,0
5,10.440000000000001,7.7,1,0
0,8.36,6.3,1,0
3,0.0,6.1,0,1
3,2.45,1.3,2,0
4,2.7199999999999998,3.2,1,0
5,2.7199999999999998,6.9,1,0
1,2.6200000000000006,2.2,1,0
2,3.02,4.7,1,0
0,6.8500000000000005,2.4,2,0
0,4.920000000000001,2.6,0,0
0,5.64,7.9,1,0
3,4.4399999999999995,5.9,1,0
5,7.199999999999999,6.5,1,0
3,9.149999999999999,6.1,1,0
3,6.24,4.2,0,0
3,6.12,3.1,2,0
1,2.4200000000000004,3.7,0,0
0,4.59,4.1,1,0
2,5.06,8.1,1,0
1,5.700000000000001,1.8,0,0
1,2.24,3.4,2,0
5,1.5100000000000002,2.7,2,0
2,9.899999999999999,6.6,2,0
3,2.5099999999999993,8.2,2,0
0,5.789999999999999,5.1,0,0
3,3.28,5.3,0,0
2,1.51,4.7,2,0
3,7.48,5.4,0,0
2,2.1999999999999997,6.0,0,0
0,11.100000000000001,5.4,1,0
4,6.299999999999999,5.5,0,0
1,1.93,6.1,0,0
5,4.3500000000000005,0.9,2,1
2,1.45,4.5,0,0
3,7.919999999999999,5.1,2,0
2,10.199999999999998,5.3,1,0
2,1.36,4.2,1,0
2,1.44,4.8,0,0
2,1.8599999999999999,3.1,0,0
3,1.5,1.0,2,0
5,7.199999999999999,6.5,1,0
0,2.7300000000000004,2.2,2,0
2,0.0,4.2,0,1
2,2.8,3.0,1,0
3,5.82,7.7,0,0
4,5.67,4.3,1,0
3,3.1399999999999997,3.9,2,0
0,0.0,6.0,0,1
5,3.04,8.8,0,0
4,7.959999999999999,5.3,1,0
2,1.2100000000000002,3.7,2,0
5,7.26,5.9,1,0
3,0.62,1.4,1,0
0,0.0,4.6,1,1
0,15.999999999999998,8.5,0,0
4,1.8399999999999999,4.8,2,0
4,1.6099999999999999,4.7,2,0
2,8.0,4.5,2,0
5,2.62,3.7,1,0
0,4.59,5.1,2,0
5,2.28,6.1,2,0
1,1.19,3.8,0,0
3,0.0,0.0,0,1
1,2.12,5.4,0,0
4,3.04,8.8,1,0
0,6.040000000000001,3.7,0,0
0,0.0,1.6,2,1
5,9.68,5.9,0,0
2,14.0,8.0,1,0
1,6.39,5.6,0,0
4,2.77,7.9,2,0
0,3.76,6.1,0,0
0,9.1,5.9,0,0
0,6.25,3.5,0,0
3,9.649999999999999,5.1,1,0
1,3.4400000000000004,4.4,1,0
4,5.680000000000001,4.4,1,0
4,7.0,4.0,1,0
1,0.0,5.0,1,1
3,3.88,1.9,0,0
5,9.719999999999999,6.1,0,0
3,5.05,2.7,1,0
3,7.0,4.0,1,0
5,7.84,5.2,0,0
4,0.0,2.6,2,1
3,0.5800000000000001,0.6,0,0
1,1.11,3.7,1,0
3,4.4,1.6,0,0
4,7.11,5.9,1,0
2,2.7200000000000006,2.2,0,0
4,5.1000000000000005,7.5,0,0
0,2.6999999999999997,4.5,0,0
1,3.36,4.6,2,0
1,0.44999999999999996,0.5,0,0
1,9.2,4.8,0,0
1,2.9799999999999995,4.3,2,0
4,0.0,1.9,0,1
2,1.41,4.7,2,0
1,7.050000000000001,3.7,2,0
4,1.8299999999999998,4.1,2,0
2,3.96,4.6,0,0
3,7.9,3.6,1,0
0,4.65,5.0,0,0
1,4.469999999999999,4.3,1,0
2,8.88,5.4,1,0
3,2.14,3.4,2,0
5,3.6600000000000006,2.4,2,0
1,2.06,3.1,2,0
3,11.100000000000001,7.4,2,0
3,2.12,6.4,0,0
0,4.14,6.9,0,0
5,0.0,7.1,1,1
5,7.120000000000001,3.6,0,0
0,5.1899999999999995,5.1,0,0
4,8.44,4.7,1,0
4,1.79,5.8,0,0
4,7.85,3.9,0,0
3,8.04,4.7,2,0
3,7.52,4.6,2,0
4,8.4,5.6,1,0
0,1.74,5.8,2,0
0,8.239999999999998,4.7,0,0
1,0.0,4.7,2,1
5,0.0,5.0,2,1
0,14.2,7.8,1,0
2,0.7,1.0,0,0
1,4.4,2.6,1,0
1,9.200000000000001,5.8,0,0
2,10.5,5.0,0,0
3,6.449999999999999,5.0,0,0
4,8.7,5.8,2,0
4,6.88,4.9,1,0
4,0.0,3.4,0,1
5,6.57,5.8,2,0
5,0.0,4.5,1,1
3,1.28,3.6,2,0
2,9.85,5.9,2,0
2,9.7,5.8,0,0
0,5.01,4.9,1,0
0,0.0,7.9,2,1
0,5.5200000000000005,7.2,2,0
4,8.2,6.5,2,0
0,0.0,9.6,2,1
4,0.0,4.2,0,1
5,1.58,3.6,0,0
4,0.0,6.2,1,1
4,5.8,4.0,2,0
0,3.5,4.5,0,0
3,5.0,2.5,1,0
5,0.0,5.7,1,1
0,1.3599999999999999,1.6,0,0
5,1.5899999999999999,4.3,0,0
4,0.0,4.5,2,1
3,6.720000000000001,3.6,0,0
5,1.75,1.0,0,1
2,4.500000000000001,1.0,0,0
1,5.75,3.0,1,0
4,5.04,5.6,0,0
2,6.119999999999999,5.1,1,0
5,4.199999999999999,4.5,1,0
5,1.62,2.7,0,0
4,10.3,5.2,1,0
2,0.0,0.9,2,1
0,2.0,0.0,2,0
2,8.5,4.0,1,0
1,4.08,3.4,0,1
3,10.999999999999998,6.5,0,0
2,5.22,4.8,1,0
0,4.88,7.8,0,0
0,0.0,3.4,1,1
0,0.0,5.5,2,1
2,5.550000000000001,4.0,1,0
0,12.95,7.3,1,0
4,1.4299999999999997,4.1,2,0
5,10.24,6.2,2,0
5,2.7800000000000002,2.3,1,0
4,0.0,3.7,2,1
1,6.96,4.3,2,0
0,10.2,7.0,0,0
5,0.15,0.1,2,1
0,0.0,3.8,2,1
4,6.36,3.8,1,0
2,3.45,0.3,2,0
1,8.65,3.6,1,0
3,2.6100000000000003,1.4,0,0
1,0.6000000000000001,0.0,1,0
0,0.0,4.0,1,1
1,4.88,3.9,0,0
2,7.0,4.0,0,0
2,2.15,5.0,2,0
4,2.58,2.7,1,0
3,0.0,8.1,1,1
3,4.11,4.4,1,0
5,13.65,7.1,0,0
3,1.8600000000000003,1.1,1,0
3,6.2,2.8,2,0
5,7.88,5.9,0,0
2,1.5,4.0,1,0
4,6.100000000000001,2.4,0,0
1,3.7600000000000002,0.8,0,0
0,6.299999999999999,6.0,0,0
2,8.7,5.8,1,0
0,0.0,5.0,1,1
3,0.0,3.5,2,1
5,0.0,2.3,0,1
5,5.680000000000001,4.4,1,0
4,0.0,1.9,1,1
1,5.6,3.0,2,0
4,6.9,7.0,1,0
5,0.48,0.8,1,1
2,0.0,5.9,1,1
3,6.75,7.5,0,0
2,9.399999999999999,6.1,2,0
2,2.19,5.3,2,0
4,2.66,3.6,2,0
3,0.0,3.2,1,1
1,0.0,0.0,1,1
0,5.52,4.6,1,0
1,0.0,3.7,0,1
3,0.0,3.1,0,1
5,7.8,4.5,2,0
3,7.92,4.6,0,0
0,1.3599999999999999,3.2,0,0
2,10.24,7.7,1,0
0,0.0,6.0,1,1
4,1.89,6.3,2,0
4,5.959999999999999,4.3,1,0
4,0.0,5.5,1,1
4,1.11,2.7,0,0
5,0.0,5.8,2,1
2,1.8299999999999998,4.1,0,0
4,5.4,2.5,2,0
2,9.75,4.5,2,0
1,4.709999999999999,3.9,1,0
1,3.33,9.1,0,0
4,9.350000000000001,5.4,0,0
2,6.0200000000000005,7.7,1,0
5,7.32,6.8,2,0
1,2.76,4.6,2,0
2,0.0,3.6,2,1
0,2.5,1.0,2,0
2,0.0,2.8,1,1
0,8.76,5.8,2,0
4,0.0,3.9,0,1
4,11.45,5.3,2,0
4,0.96,0.4,2,1
1,9.08,5.4,2,0
0,8.04,6.7,1,0
1,1.1400000000000001,0.9,2,0
5,3.12,5.2,1,0
1,4.32,7.2,0,0
0,11.28,7.9,2,0
5,4.2,3.5,2,0
1,4.06,6.1,0,0
2,10.48,7.4,2,0
0,1.89,5.3,2,0
4,13.149999999999999,7.1,1,0
2,6.880000000000001,4.4,1,0
4,8.2,5.3,0,0
4,0.9899999999999999,3.3,1,0
4,5.58,4.2,1,0
2,0.0,5.4,0,1
2,4.52,3.1,0,0
4,1.88,4.1,2,0
1,0.0,6.0,2,1
2,5.56,8.6,2,0
5,2.1,0.4,2,1
1,0.0,8.5,1,1
4,3.3000000000000003,4.0,1,0
2,3.94,6.4,0,0
2,0.0,6.8,0,1
0,0.0,7.6,1,1
3,1.3499999999999999,3.0,2,0
4,0.0,4.0,2,1
5,3.96,4.4,2,0
1,3.08,3.8,2,0
0,11.899999999999999,7.1,0,0
0,1.69,4.3,1,0
1,1.1800000000000002,1.3,0,0
4,1.92,3.2,1,0
4,1.78,1.3,2,1
4,0.0,4.0,0,1
4,4.48,5.8,1,0
0,3.4799999999999995,3.2,1,0
2,5.800000000000001,3.7,1,0
4,3.5999999999999996,4.0,1,0
3,3.28,4.8,2,0
0,2.05,5.5,2,0
1,2.03,6.1,1,0
3,11.6,9.0,1,0
0,10.049999999999999,4.7,1,0
2,1.7999999999999998,6.0,2,0
4,0.0,1.3,0,1
1,1.5100000000000002,3.7,1,0
1,6.0,4.0,0,0
2,4.0,2.5,2,0
2,4.88,3.4,2,0
2,0.0,4.3,2,1
2,1.6500000000000001,3.5,2,0
3,6.22,9.7,2,0
1,6.8,5.5,0,0
3,13.75,8.5,0,0
5,5.7,7.5,0,0
3,5.04,3.2,0,0
0,5.92,4.6,1,0
5,8.4,3.6,2,0
0,4.08,4.2,0,0
3,0.0,2.5,0,1
1,4.32,3.6,1,0
0,0.0,5.2,1,1
3,0.0,5.2,2,1
0,6.4,5.0,2,0
0,7.1000000000000005,4.4,1,0
0,11.549999999999997,6.2,1,0
4,5.4,4.0,1,0
1,11.950000000000001,7.3,2,0
3,0.8400000000000001,0.8,1,0
2,6.42,5.8,0,0
0,4.199999999999999,5.5,2,0
3,0.0,3.2,2,1
5,8.7,3.8,0,0
2,0.0,5.4,0,1
2,12.450000000000001,6.3,2,0
0,1.4,1.0,2,0
4,1.99,5.8,1,0
5,5.5200000000000005,3.6,1,0
2,8.36,6.8,0,0
3,0.0,0.8,0,1
0,0.0,9.4,0,1
0,4.380000000000001,2.7,0,0
5,12.350000000000001,7.4,1,0
1,8.600000000000001,4.4,2,0
5,2.54,2.9,1,0
5,4.65,5.0,0,0
2,2.4299999999999997,6.6,1,0
4,3.06,1.4,0,1
4,5.46,5.9,1,0
4,1.8,4.5,2,0
5,2.11,5.7,0,0
2,4.05,4.5,1,0
1,2.44,3.4,0,0
0,3.4499999999999997,2.3,2,0
4,2.04,5.8,0,0
1,0.0,5.8,2,1
0,4.08,5.8,1,0
4,8.600000000000001,5.4,2,0
5,10.48,6.4,0,0
1,6.57,7.3,1,0
3,1.24,0.7,0,0
0,0.0,0.0,0,1
5,0.0,7.9,1,1
1,2.37,1.8,2,0
0,0.0,2.3,2,1
3,4.41,3.9,1,0
0,0.0,1.2,1,1
1,5.800000000000001,3.7,0,0
4,1.56,2.6,0,0
3,7.0,4.0,1,0
1,3.9599999999999995,5.1,1,0
1,0.0,3.8,0,1
5,8.05,3.7,0,0
4,5.85,5.0,2,0
3,2.48,6.6,1,0
2,2.6100000000000003,7.7,0,0
2,9.149999999999999,4.1,2,0
4,7.439999999999999,8.1,0,0
5,4.68,6.3,1,0
5,3.750000000000001,2.0,2,0
5,4.5,2.0,0,0
3,1.0399999999999998,3.3,1,0
2,11.280000000000001,7.4,1,0
2,2.5,3.5,1,0
4,1.55,0.7,1,1
5,3.5999999999999996,4.0,2,0
4,1.4,0.5,0,1
4,2.24,2.4,0,0
0,3.119999999999999,3.3,1,0
2,1.44,4.8,0,0
2,0.0,6.5,1,1
1,2.47,5.9,0,0
2,2.52,2.1,0,0
4,5.5200000000000005,3.8,0,0
2,5.43,4.7,2,0
4,1.2,4.0,1,0
4,1.6,4.0,2,0
5,0.0,1.1,0,1
0,1.52,2.2,2,0
3,3.33,3.7,2,0
5,0.8,0.0,2,1
3,5.37,5.8,0,0
1,2.4800000000000004,1.8,2,0
3,4.14,5.9,0,0
2,1.96,5.7,1,0
2,0.0,3.4,0,1
3,0.0,6.5,0,1
1,5.3999999999999995,6.0,0,0
3,8.1,3.9,1,0
5,3.2200000000000006,3.7,1,0
0,8.04,6.7,0,0
2,10.5,5.0,0,0
3,0.0,6.6,1,1
4,1.4000000000000001,0.0,1,1
1,4.119999999999999,4.7,0,0
0,0.79,1.3,1,0
5,2.64,4.4,0,0
2,0.0,5.9,0,1
2,0.0,8.0,0,1
1,3.24,2.6,1,0
1,4.5600000000000005,3.4,1,0
2,5.56,4.3,1,0
5,3.12,2.6,0,0
5,7.799999999999999,6.5,0,1
2,5.91,4.4,2,0
5,9.05,4.7,0,0
1,9.8,5.7,0,0
2,2.64,4.4,2,0
5,2.64,2.9,0,0
4,8.600000000000001,4.4,0,0
0,3.4200000000000004,2.8,1,0
1,4.119999999999999,4.7,2,0
3,10.75,6.5,1,0
1,6.300000000000001,2.2,2,0
0,4.28,1.4,0,0
3,5.72,4.6,2,0
4,0.8999999999999999,3.0,1,0
1,5.9399999999999995,4.6,0,0
2,8.92,5.1,1,0
1,0.12,0.2,2,0
0,4.84,5.9,2,0
5,6.800000000000002,2.2,2,0
1,0.0,4.5,1,1
0,1.16,3.2,0,0
0,5.68,3.4,0,0
4,6.140000000000001,7.9,1,0
0,3.0599999999999996,5.1,1,0
2,9.96,6.3,1,0
2,2.14,4.8,0,0
5,8.55,5.7,2,0
4,6.56,5.3,1,0
5,8.8,5.0,1,0
0,7.229999999999999,6.7,2,0
4,3.08,4.8,0,0
2,2.83,9.1,1,0
2,0.0,6.4,1,1
0,0.0,2.2,1,1
1,4.4399999999999995,4.1,2,0
1,0.0,5.3,2,1
0,5.34,4.6,2,0
3,7.11,5.9,2,0
3,7.289999999999999,6.1,0,0
4,1.48,1.8,2,1
0,4.46,7.1,1,0
2,5.750000000000001,3.5,1,0
3,0.0,3.3,1,1
4,1.39,3.3,1,0
3,6.6899999999999995,6.1,0,0
3,3.8000000000000003,4.0,0,0
0,5.300000000000001,3.2,0,0
5,0.0,3.7,0,1
1,1.7400000000000002,0.9,0,0
0,1.44,2.8,0,0
4,2.4,2.0,2,0
4,5.6,4.0,0,0
1,0.0,5.8,0,1
0,4.36,5.6,1,0
0,11.500000000000002,7.0,1,0
1,7.919999999999999,6.6,0,0
5,2.84,3.4,2,0
2,5.550000000000001,4.5,2,0
5,6.48,4.4,2,0
2,0.0,0.2,2,1
5,1.8900000000000001,2.1,0,0
1,3.5200000000000005,4.2,2,0
3,0.0,4.2,0,1
4,9.2,5.5,0,0
5,5.46,5.4,0,0
5,1.75,1.0,0,1
1,0.0,5.5,0,1
4,0.0,4.9,1,1
5,10.799999999999999,5.7,0,0
0,5.36,6.6,0,0
2,2.62,4.2,0,0
2,5.2,7.0,1,0
0,1.62,2.7,1,0
2,2.3600000000000003,2.6,0,0
5,3.4400000000000004,5.4,2,0
5,4.02,3.8,0,0
2,0.0,5.0,2,1
2,0.0,8.5,2,1
3,1.9899999999999998,5.3,0,0
1,7.6,4.9,2,0
2,0.0,2.8,1,1
0,0.8600000000000001,1.1,0,0
2,6.880000000000001,4.4,1,0
0,5.16,6.6,1,0
1,5.3100000000000005,3.9,0,0
4,8.76,5.3,0,0
2,4.44,7.4,0,0
4,9.76,7.3,1,0
5,9.1,5.4,0,0
0,7.76,4.8,1,0
0,0.0,1.5,2,1
1,1.92,3.2,0,0
0,3.1399999999999997,3.9,1,0
4,4.45,2.8,0,0
1,0.0,5.0,1,1
4,3.1900000000000004,8.3,1,0
4,6.8999999999999995,7.5,2,0
3,8.8,5.0,0,0
2,5.06,6.1,1,0
0,0.8999999999999999,3.0,0,0
4,2.9200000000000004,7.4,1,0
4,1.6400000000000001,1.4,2,1
5,4.58,6.3,1,0
2,2.05,5.5,1,0
5,7.75,3.0,0,0
4,2.4599999999999995,4.1,2,0
4,5.040000000000001,2.2,1,0
2,4.17,2.3,0,0
0,2.5200000000000005,1.3,1,0
0,3.5999999999999996,6.0,0,0
1,2.32,6.9,2,0
2,0.62,0.2,2,0
2,7.379999999999999,8.2,0,0
1,4.05,4.5,2,0
1,1.9299999999999997,5.1,0,0
2,0.58,1.6,0,0
1,6.6899999999999995,7.1,2,0
4,8.680000000000001,4.9,2,0
2,7.92,6.8,0,0
0,11.35,6.9,0,0
1,7.98,7.2,2,0
2,4.38,3.2,2,0
3,1.2799999999999998,4.1,0,0
5,1.49,3.3,0,0
3,8.36,6.3,0,0
2,4.32,5.2,2,0
4,8.719999999999999,6.6,1,0
0,11.05,6.7,0,0
3,1.4,1.0,1,0
1,11.040000000000001,7.2,2,0
4,0.0,6.4,1,1
3,4.02,3.8,1,0
5,5.28,5.2,0,0
1,8.95,4.3,1,0
5,2.11,5.7,2,0
3,0.0,3.8,0,1
2,2.05,5.5,1,0
0,0.0,4.6,1,1
0,6.12,3.6,1,0
0,0.0,4.9,1,1
0,9.510000000000002,9.9,0,0
3,3.54,3.1,0,0
3,5.4,4.0,0,0
2,2.88,3.2,2,0
4,5.68,3.4,2,0
4,0.0,6.1,0,1
0,2.37,5.9,0,0
1,0.0,4.5,2,1
0,1.9799999999999998,6.6,1,0
3,7.289999999999999,6.1,0,0
4,0.0,4.2,0,1
1,0.0,1.4,1,1
0,11.299999999999999,6.2,2,0
3,1.94,4.8,2,0
4,2.0,4.5,0,0
1,0.0,3.6,1,1
0,5.999999999999999,6.0,2,0
0,0.0,5.2,1,1
1,9.0,4.0,1,0
5,0.0,2.0,0,1
4,6.239999999999998,6.6,1,0
0,6.84,5.7,1,0
3,3.0,5.0,1,0
1,0.0,0.0,1,0
3,6.6000000000000005,4.4,1,0
0,9.25,4.0,0,0
1,1.39,3.3,2,0
2,9.799999999999999,6.0,2,0
1,3.54,5.9,1,0
5,11.100000000000001,5.4,0,0
2,0.0,6.6,0,1
4,4.2,2.5,1,0
3,6.720000000000001,3.6,1,0
4,3.5599999999999996,4.6,2,0
0,1.0399999999999998,3.3,2,0
0,5.3999999999999995,6.0,2,0
3,0.0,3.5,1,1
4,8.34,7.1,2,0
0,1.56,2.6,0,0
5,2.8400000000000003,8.8,0,0
5,5.159999999999999,8.6,1,0
2,7.449999999999999,4.3,1,0
1,0.0,6.8,2,1
2,0.0,3.7,0,1
2,9.0,6.5,2,0
1,2.4599999999999995,4.1,0,0
5,1.22,1.9,2,1
2,0.4,0.0,1,0
0,1.9000000000000001,4.0,0,0
5,1.9799999999999998,5.1,0,0
5,7.68,7.2,0,0
5,1.7799999999999998,4.6,2,0
2,6.75,6.5,2,0
3,1.1800000000000002,3.6,2,0
0,4.7700000000000005,3.8,0,0
4,8.919999999999998,6.6,1,0
5,2.5,0.0,2,1
1,4.0,4.5,0,0
4,0.0,3.7,2,1
5,6.48,7.2,0,0
0,1.12,3.4,0,0
1,3.6999999999999997,5.5,2,0
2,1.94,6.3,0,0
2,0.0,1.5,2,1
2,1.9600000000000002,4.2,0,0
0,3.4600000000000004,3.6,1,0
3,4.24,6.4,1,0
4,4.74,5.9,1,0
2,7.5,4.0,1,0
3,2.04,2.4,2,0
2,6.84,6.6,0,0
1,1.4200000000000002,4.4,0,0
4,3.3600000000000003,1.3,1,1
1,1.68,1.4,1,0
5,6.66,5.4,0,0
2,1.71,1.9,0,0
2,0.0,8.2,0,1
5,0.0,2.6,1,1
1,1.3499999999999999,4.5,0,0
0,10.45,4.8,1,0
2,6.499999999999999,3.0,1,0
4,0.0,0.0,1,1
4,5.88,4.9,0,0
5,1.5,3.0,1,0
5,6.029999999999999,4.7,2,0
3,5.959999999999999,4.3,0,0
1,10.75,5.0,0,0
2,8.04,7.6,0,0
5,6.880000000000001,3.4,0,0
0,1.08,3.6,1,0
2,3.24,1.2,2,0
4,5.1899999999999995,4.1,1,0
2,10.95,5.3,2,0
4,1.3,3.5,0,0
3,0.0,5.3,1,1
3,0.0,4.1,1,1
3,2.28,1.9,1,0
4,0.0,5.1,2,1
1,7.399999999999999,4.1,2,0
0,7.55,4.7,0,0
5,4.26,3.4,1,0
1,5.04,3.2,0,0
0,3.78,4.8,2,0
2,5.6,4.0,0,0
3,9.21,7.9,1,0
4,4.46,6.1,1,0
4,9.120000000000001,5.6,2,0
2,3.6899999999999995,4.1,2,0
5,2.08,0.4,0,1
5,4.35,2.9,1,0
1,0.0,3.2,0,1
4,4.35,4.0,2,0
4,6.08,4.4,2,0
2,1.84,5.8,0,0
4,5.25,5.0,1,0
2,5.38,6.8,2,0
5,5.85,3.9,0,0
1,6.2,5.0,1,0
3,1.96,5.2,0,0
4,1.7,5.0,2,0
5,5.06,7.1,1,0
1,3.76,6.1,2,0
5,1.07,1.9,2,1
0,7.56,4.3,2,0
2,4.6499999999999995,4.5,2,0
3,8.07,8.8,2,0
5,0.0,3.8,0,1
3,3.0,2.5,2,0
1,9.280000000000001,5.4,2,0
0,3.9,5.5,2,0
5,9.100000000000001,4.4,1,0
0,5.79,4.1,2,0
1,9.6,6.4,1,0
0,0.0,2.8,0,1
4,1.44,3.8,2,0
2,3.45,3.5,0,0
1,4.52,6.7,0,0
2,7.649999999999999,5.1,2,0
2,2.64,2.4,0,0
5,0.78,2.6,2,0
5,8.28,8.2,0,0
2,9.839999999999998,6.7,1,0
4,2.26,6.2,1,0
3,0.0,4.5,1,1
1,11.25,7.5,2,0
2,5.699999999999999,2.3,0,0
3,10.999999999999998,6.0,1,0
1,2.56,3.6,2,0
4,7.6000000000000005,4.0,1,0
3,0.0,6.0,1,1
4,0.0,4.2,2,1
1,3.84,3.6,1,0
3,1.1,3.5,2,0
3,0.7,0.5,1,0
3,4.8,6.0,2,0
3,3.75,2.5,1,0
5,5.019999999999999,8.2,0,0
4,4.68,3.9,0,0
1,5.159999999999999,7.1,2,0
4,0.9400000000000001,0.9,2,1
3,4.8999999999999995,6.0,0,0
1,6.0,6.5,2,0
3,8.92,7.1,1,0
3,0.0,1.4,1,1
1,0.98,3.1,1,0
3,0.0,5.7,1,1
2,1.89,4.8,1,0
0,8.719999999999999,5.1,1,0
5,0.0,3.8,1,1
0,0.0,7.6,2,1
1,17.799999999999997,9.7,0,0
0,1.86,4.7,1,0
4,1.62,5.4,1,0
1,6.319999999999999,4.6,2,0
4,2.73,7.1,2,0
3,2.11,6.2,0,0
1,5.6000000000000005,2.4,0,0
2,2.78,3.3,2,0
3,1.7,2.5,1,0
4,13.88,9.9,1,0
3,6.57,5.8,1,0
2,4.77,3.3,1,0
0,1.3800000000000001,3.1,1,0
2,11.15,6.1,2,0
1,0.0,6.3,0,1
2,0.0,6.1,0,1
4,8.4,3.6,2,0
3,8.52,5.1,1,0
4,6.84,4.7,2,0
0,4.920000000000001,2.6,0,0
1,0.98,2.6,0,0
2,1.8399999999999999,5.3,0,0
2,0.0,4.9,0,1
1,11.900000000000002,5.6,2,0
1,6.6899999999999995,6.1,1,0
1,0.0,7.5,1,1
4,2.61,2.9,2,0
3,3.98,5.8,1,0
1,7.5,6.0,1,0
1,3.81,3.9,1,0
2,6.64,4.7,1,0
3,7.85,3.9,0,0
5,3.26,8.7,1,0
1,5.64,4.7,2,0
2,0.0,5.4,0,1
5,6.0,4.0,0,0
1,4.95,3.5,2,0
4,0.62,1.9,1,1
2,12.299999999999997,6.7,0,0
5,3.5999999999999996,6.0,2,0
1,7.28,3.9,2,0
2,3.7800000000000002,2.7,1,0
1,0.0,4.9,1,1
5,5.250000000000001,3.5,2,0
4,1.3299999999999998,4.1,1,0
5,3.0,2.0,2,0
2,7.880000000000001,4.9,1,0
4,4.2,5.0,1,0
3,0.0,6.7,2,1
4,5.44,4.2,2,0
4,0.0,3.8,1,1
3,2.68,1.4,2,0
3,0.0,6.7,0,1
2,4.18,6.3,1,0
0,5.52,4.6,0,0
5,0.84,1.8,0,1
1,5.15,2.1,0,0
4,3.04,3.4,2,0
5,7.86,6.4,1,0
4,8.52,5.1,1,0
5,3.6,1.5,0,1
0,0.0,5.3,2,1
4,4.0200000000000005,2.8,1,0
0,5.800000000000001,3.5,1,0
3,9.6,6.4,1,0
0,6.8999999999999995,6.0,0,0
5,9.24,6.7,0,0
1,6.1499999999999995,4.5,0,0
0,10.7,6.3,0,0
3,1.29,3.3,0,0
3,4.8,4.0,1,0
2,5.76,3.8,0,0
4,7.749999999999999,4.5,2,0
1,0.0,1.9,0,1
0,9.0,4.0,0,0
2,4.44,7.4,0,0
4,4.449999999999999,2.3,1,0
5,3.36,1.8,1,1
4,3.0,2.0,2,0
3,13.559999999999999,9.8,1,0
4,1.87,5.4,0,0
5,5.550000000000001,4.0,2,0
4,0.0,4.6,2,1
2,3.8,5.0,2,0
3,1.21,3.2,0,0
0,1.05,3.5,1,0
0,0.0,4.2,1,1
0,6.5200000000000005,3.1,0,0
2,3.4200000000000004,3.7,1,0
1,6.24,5.2,0,0
4,2.5,2.5,0,0
3,0.0,9.7,2,1
3,0.0,6.0,1,1
1,1.1,2.0,2,0
4,1.6,0.0,1,1
4,3.69,3.1,0,0
3,12.350000000000001,5.9,2,0
3,11.25,5.5,0,0
1,3.78,4.3,0,0
4,4.47,3.3,2,0
3,3.7800000000000002,2.7,2,0
4,4.08,3.7,1,0
3,1.35,2.5,1,0
0,5.130000000000001,3.7,2,0
3,4.720000000000001,7.2,1,0
2,7.75,3.0,0,0
2,5.13,5.7,0,0
0,5.55,6.0,0,0
1,4.449999999999999,2.3,0,0
0,0.0,2.8,0,1
3,2.28,6.6,0,0
2,0.0,2.6,1,1
4,7.8500000000000005,4.4,2,0
0,15.899999999999999,8.6,2,0
0,0.0,6.5,1,1
3,10.299999999999997,4.7,1,0
0,0.0,6.2,1,1
5,8.100000000000001,4.4,2,0
0,4.3,6.5,1,0
0,1.4400000000000002,0.4,1,0
1,0.0,4.2,2,1
5,2.0700000000000003,0.3,1,1
5,5.67,4.8,0,0
1,7.4,4.0,2,0
5,8.64,7.2,2,0
3,1.77,5.9,2,0
1,6.1,3.4,1,0
5,3.6200000000000006,3.7,2,0
4,6.719999999999999,5.3,0,0
5,2.84,3.4,0,0
2,1.32,4.4,2,0
5,10.92,7.1,0,0
3,3.87,2.8,1,0
3,3.4600000000000004,3.6,2,0
5,2.44,3.9,0,0
2,12.8,10.0,1,0
5,0.0,5.7,2,1
5,2.09,6.8,2,0
5,3.6999999999999997,6.0,2,0
1,7.84,6.2,0,0
3,8.48,5.4,2,0
3,9.8,5.2,0,0
4,1.5599999999999998,1.6,1,1
3,4.32,5.2,1,0
4,6.76,4.3,1,0
2,8.32,5.6,2,0
3,6.880000000000001,4.4,1,0
5,0.0,6.0,0,1
5,6.36,6.4,0,0
4,1.0,0.0,0,1
3,0.0,3.6,0,1
0,1.6800000000000002,0.8,0,0
1,2.1,5.0,0,0
3,6.85,3.9,1,0
2,2.16,7.2,2,0
5,10.850000000000001,4.9,0,0
5,0.0,3.5,1,1
5,2.12,6.4,1,0
2,5.4799999999999995,3.9,0,0
4,4.4,3.5,1,0
4,5.07,5.3,0,0
2,0.0,7.7,2,1
1,0.0,6.2,0,1
4,1.93,5.6,2,0
0,17.25,10.0,1,0
5,7.75,3.0,1,0
4,0.0,3.0,0,1
5,3.78,4.8,1,0
3,2.6999999999999997,7.5,1,0
2,0.98,2.6,2,0
5,7.199999999999999,8.0,0,0
4,1.44,1.6,0,1
3,3.38,4.3,2,0
2,10.2,4.8,2,0
0,7.550000000000001,2.7,2,0
3,0.0,3.3,0,1
4,0.0,6.1,2,1
2,0.0,7.4,0,1
0,1.96,0.3,2,0
0,10.850000000000001,4.9,1,0
5,5.07,4.3,0,0
2,4.83,4.7,0,0
1,0.0,3.9,0,1
1,2.44,1.9,1,0
1,5.359999999999999,7.6,1,0
4,2.64,6.8,0,0
1,1.4899999999999998,4.3,2,0
2,1.6500000000000001,3.5,0,0
5,1.0899999999999999,3.3,0,0
3,0.6000000000000001,0.0,1,0
2,1.96,5.2,1,0
1,6.99,6.1,2,0
4,6.12,4.8,2,0
4,2.6799999999999997,4.3,0,0
2,4.92,4.8,0,0
5,6.2,2.8,2,0
4,6.6000000000000005,3.5,0,0
4,5.04,4.2,0,0
4,4.34,5.9,2,0
1,14.2,7.3,2,0
2,1.85,4.0,2,0
2,2.16,2.4,1,0
5,5.34,4.6,2,0
5,6.5,8.5,1,0
2,0.0,2.6,2,1
2,5.97,6.3,2,0
0,2.21,7.2,1,0
4,3.08,3.8,1,0
2,0.9299999999999999,3.1,0,0
1,0.0,5.6,0,1
1,0.0,5.2,0,1
4,9.48,5.9,1,0
0,0.0,8.6,2,1
0,4.92,4.8,1,0
0,4.92,2.1,2,0
1,6.24,4.6,2,0
0,2.0,5.0,2,0
4,13.0,7.0,0,0
5,0.0,4.1,1,1
4,0.0,3.7,1,1
5,1.1400000000000001,1.8,0,1
2,9.65,5.6,2,0
4,0.0,10.0,0,1
5,3.6899999999999995,4.1,2,0
4,4.24,5.4,0,0
0,4.26,3.4,1,0
0,4.68,1.9,0,0
1,4.640000000000001,5.4,1,0
5,3.6599999999999997,4.6,2,0
2,0.0,0.0,0,1
3,11.799999999999999,7.7,0,0
4,4.4799999999999995,5.3,0,0
3,6.8999999999999995,4.6,0,0
2,4.830000000000001,3.7,1,0
5,10.95,5.3,1,0
0,0.0,5.4,0,1
2,3.5799999999999996,5.3,1,0
1,2.28,6.6,0,0
4,4.76,7.1,1,0
1,12.75,8.5,1,0
3,7.199999999999999,2.8,1,0
0,1.27,3.4,0,0
0,4.02,5.2,0,0
1,5.08,2.9,1,0
4,1.39,3.3,2,0
4,7.3999999999999995,5.5,1,0
4,6.419999999999999,6.3,0,0
5,0.0,7.1,2,1
1,4.919999999999999,4.1,0,0
2,6.0600000000000005,5.4,2,0
1,8.4,5.0,2,0
1,0.0,4.5,0,1
1,3.21,2.9,1,0
2,1.76,2.6,0,0
2,6.42,5.8,0,0
2,0.0,2.8,1,1
0,1.85,0.9,1,0
5,6.08,4.4,2,0
5,12.600000000000001,7.4,2,0
0,1.8000000000000003,0.0,1,0
4,0.0,3.9,0,1
5,7.88,5.9,1,0
0,2.0100000000000002,0.9,1,0
0,3.26,4.1,1,0
4,2.64,2.2,0,0
0,5.75,2.5,0,0
4,0.0,3.7,2,1
2,5.16,2.3,1,0
3,0.0,2.1,1,1
1,5.91,4.4,0,0
4,6.699999999999999,9.0,1,0
2,5.999999999999999,6.0,0,0
1,4.1,6.5,2,0
3,0.0,6.1,2,1
2,2.06,3.1,2,0
0,10.899999999999999,5.1,0,0
2,9.639999999999999,6.7,0,0
1,1.91,6.2,1,0
0,5.61,4.9,2,0
2,0.0,5.5,0,1
3,3.2199999999999998,9.4,2,0
5,10.3,6.2,2,0
2,3.1399999999999997,3.9,2,0
4,7.680000000000001,4.4,1,0
1,1.02,2.4,0,0
2,9.479999999999999,9.2,0,0
2,5.0200000000000005,7.7,0,0
1,1.6099999999999999,4.7,1,0
2,16.35,8.9,1,0
5,10.700000000000001,5.8,1,0
2,5.12,3.6,1,0
5,4.98,6.3,0,0
3,0.0,5.3,1,1
3,7.64,6.2,0,0
1,3.7,1.8,2,0
4,4.28,2.9,0,0
1,10.200000000000001,7.5,2,0
0,15.1,7.9,1,0
1,8.52,7.3,2,0
5,12.28,8.9,1,0
1,8.8,5.7,0,0
4,7.3999999999999995,5.5,0,0
5,4.04,2.7,1,0
2,3.38,3.3,0,0
5,2.2500000000000004,0.5,2,1
4,3.2399999999999998,3.9,2,0
2,0.12,0.4,2,0
0,0.0,6.7,1,1
2,0.0,5.3,2,1
2,0.0,0.4,2,1
2,0.0,4.1,2,1
5,2.62,8.4,2,0
2,7.800000000000001,4.2,2,0
5,7.250000000000001,2.5,2,0
5,0.0,0.9,1,1
4,0.0,1.0,2,1
4,4.5600000000000005,5.6,1,0
1,0.0,3.6,1,1
5,3.08,3.8,1,0
4,8.65,3.6,2,0
3,0.0,4.2,2,1
3,2.2,2.0,1,0
4,10.899999999999999,5.1,1,0
1,1.42,1.7,2,0
0,0.0,3.0,0,1
2,2.25,6.5,0,0
1,6.359999999999999,5.3,0,0
3,1.82,5.9,2,0
1,12.96,8.8,1,0
0,6.880000000000001,4.4,0,0
1,5.25,4.5,1,0
3,0.0,4.0,2,1
2,1.1300000000000001,3.6,1,0
5,1.35,2.5,0,0
5,3.02,4.7,2,0
0,8.8,5.2,1,0
0,7.949999999999999,5.3,2,0
1,1.5799999999999998,4.6,0,0
2,2.52,6.4,0,0
1,0.0,4.6,0,1
4,7.550000000000001,3.7,2,0
0,2.8600000000000003,2.6,2,0
4,1.41,1.4,0,1
1,0.0,7.4,2,1
0,0.0,3.1,2,1
0,4.4,2.6,0,0
4,3.93,3.7,0,0
4,5.4799999999999995,3.9,1,0
3,11.36,7.8,0,0
4,6.16,3.8,2,0
1,0.0,9.8,1,1
5,3.96,4.6,2,0
0,14.899999999999999,8.6,1,0
1,0.0,6.3,2,1
4,4.98,5.2,1,0
3,12.8,7.7,1,0
4,2.4599999999999995,6.7,2,0
5,1.74,5.8,1,0
1,14.65,9.1,2,1
4,3.1500000000000004,3.5,2,0
2,0.95,2.5,1,0
1,0.9299999999999999,3.1,0,0
5,2.4,8.0,0,0
2,8.16,7.4,0,0
1,4.86,3.4,2,0
3,2.0,0.0,2,0
3,3.6899999999999995,4.1,0,0
0,3.75,2.5,2,0
5,4.3500000000000005,3.5,0,0
2,1.8399999999999999,2.4,2,0
0,0.44,1.3,2,0
5,2.7900000000000005,8.3,2,0
2,2.8600000000000003,3.1,0,0
0,11.36,7.3,1,0
2,1.8299999999999998,4.1,2,0
4,2.64,2.2,2,0
4,5.55,5.5,0,0
4,0.0,3.7,0,1
0,2.5599999999999996,4.1,2,0
4,10.2,4.8,2,0
5,0.0,2.9,1,1
0,2.5600000000000005,1.3,2,0
5,0.0,4.4,2,1
4,2.22,6.4,2,0
4,5.550000000000001,2.7,1,0
1,2.88,4.8,2,0
5,13.499999999999998,7.5,1,0
3,5.82,4.3,0,0
1,0.0,4.7,2,1
3,7.92,4.6,2,0
1,2.7600000000000002,3.1,2,0
0,1.35,2.5,2,0
1,1.4500000000000002,2.5,1,0
2,0.0,5.2,0,1
5,6.299999999999999,6.0,0,0
5,8.52,6.1,1,0
4,1.5100000000000002,3.7,1,0
4,2.31,6.7,1,0
1,6.6899999999999995,5.1,1,0
0,7.92,4.6,2,0
3,0.0,0.0,2,1
5,1.74,2.9,1,0
0,2.1,1.5,2,0
5,2.04,5.8,2,0
4,5.58,4.7,0,0
2,2.3400000000000003,2.4,2,0
0,0.0,5.1,0,1
5,0.0,1.7,2,1
3,3.85,2.4,0,0
2,1.6300000000000001,3.1,0,0
5,9.120000000000001,5.6,0,0
5,5.58,7.3,0,1
2,0.0,3.3,1,1
2,10.12,7.1,2,0
5,0.0,4.6,1,1
4,3.8,5.0,2,0
3,5.28,4.4,1,0
1,5.119999999999999,4.1,2,0
2,8.88,5.4,1,0
2,9.25,6.0,1,0
1,1.62,2.7,0,1
5,3.36,4.1,1,0
3,7.62,7.8,0,0
4,0.0,4.9,0,1
0,0.0,5.1,1,1
2,2.09,6.8,2,0
4,1.7000000000000002,3.5,1,0
5,1.8200000000000003,4.4,0,0
5,3.76,6.1,0,0
5,5.4,7.0,1,0
5,2.4000000000000004,0.0,1,1
4,2.5999999999999996,3.0,1,0
2,4.3500000000000005,2.5,1,0
2,0.0,4.3,2,1
1,2.9200000000000004,2.7,0,0
5,5.22,5.8,1,0
0,6.12,4.8,1,0
3,7.17,6.3,1,0
1,8.08,6.4,0,0
3,11.850000000000001,5.9,0,0
3,7.199999999999999,3.8,0,0
1,1.41,4.7,1,0
2,0.0,3.6,0,1
2,2.3600000000000003,1.8,1,0
1,0.0,6.4,1,1
1,6.76,4.3,2,0
5,3.1500000000000004,1.5,2,1
0,7.92,5.6,2,0
3,7.319999999999999,4.1,0,0
5,0.0,0.4,2,1
3,2.2199999999999998,1.8,0,0
1,3.06,3.1,1,0
2,4.140000000000001,4.9,2,0
1,2.4299999999999997,6.1,2,0
0,2.1999999999999997,6.0,0,0
1,8.55,5.7,0,0
5,8.100000000000001,4.4,2,0
1,7.26,7.9,0,0
3,4.74,5.9,0,0
5,8.280000000000001,4.9,0,0
5,9.399999999999999,5.6,1,0
4,6.550000000000001,3.7,2,0
3,7.8500000000000005,4.4,0,0
0,1.7000000000000002,0.3,0,0
4,1.31,3.7,1,0
1,6.0,8.0,1,0
0,8.2,4.8,1,0
3,1.86,4.7,1,0
5,3.9,6.5,2,0
3,1.61,5.2,2,0
5,2.54,2.9,0,0
4,8.25,4.5,2,0
0,2.6200000000000006,2.2,0,0
1,0.0,4.9,2,1
4,2.48,2.8,2,0
5,2.3699999999999997,6.4,2,0
1,4.3500000000000005,3.5,0,0
4,1.74,2.9,0,0
5,7.16,4.3,1,0
4,11.05,5.2,0,0
2,0.8800000000000001,2.1,1,0
5,8.5,3.5,0,0
4,7.24,4.7,0,0
0,11.24,7.2,2,0
1,0.0,0.0,0,0
2,6.93,5.7,2,0
0,1.2100000000000002,3.7,0,0
4,5.4,3.5,1,0
2,0.0,3.1,0,1
5,1.44,3.8,2,0
5,4.319999999999999,5.7,2,0
4,2.44,3.4,2,0
2,2.54,7.8,2,0
1,1.91,5.7,0,0
1,0.0,4.9,2,1
0,0.0,4.2,2,1
4,2.67,6.9,0,0
3,13.8,7.2,2,0
0,3.7800000000000007,2.2,1,0
2,2.66,3.1,1,0
2,3.48,5.8,2,0
4,11.100000000000001,6.4,1,0
3,3.54,3.9,2,0
1,0.0,3.0,0,1
1,5.64,4.7,1,0
3,2.75,7.5,1,0
3,5.04,4.6,0,0
3,1.2,2.0,1,0
3,1.46,4.7,2,0
1,2.4799999999999995,6.1,2,0
1,1.74,4.3,1,0
4,5.0,7.0,0,0
3,8.24,6.2,2,0
0,0.0,4.4,2,1
2,1.5799999999999998,4.6,1,0
0,1.76,0.8,0,0
5,0.0,6.9,2,1
0,3.68,3.8,0,0
1,1.1600000000000001,3.7,1,0
5,8.350000000000001,3.4,1,0
3,8.100000000000001,5.4,2,0
0,1.32,2.2,0,0
4,0.8,2.5,0,0
5,5.680000000000001,4.4,1,0
4,0.0,3.2,1,1
1,7.800000000000001,5.2,1,0
2,0.0,3.3,1,1
0,9.44,7.7,1,0
0,8.28,5.9,2,0
1,0.0,5.9,2,1
4,4.32,3.3,0,0
3,5.78,9.3,2,0
0,6.32,3.6,2,0
2,3.2600000000000002,3.1,2,0
1,11.850000000000001,5.9,0,0
2,2.0700000000000003,4.9,2,0
5,6.280000000000001,2.9,0,0
3,14.350000000000001,8.9,0,0
4,0.0,6.5,2,1
5,1.5499999999999998,4.5,2,0
2,14.950000000000001,9.3,2,0
1,5.489999999999999,6.1,1,0
1,3.1999999999999997,4.5,0,0
0,11.12,9.1,0,0
1,0.0,5.8,1,1
3,0.0,5.7,1,1
1,0.0,3.7,2,1
1,1.98,4.6,1,0
4,1.5600000000000003,3.7,1,0
2,5.840000000000001,7.4,1,0
4,4.95,1.3,0,1
5,2.8600000000000003,7.2,1,0
1,5.300000000000001,2.7,2,0
0,0.0,4.4,0,1
2,1.67,3.9,0,0
4,4.2,3.5,1,0
1,4.34,5.9,1,0
4,1.85,4.5,1,0
1,0.0,3.2,1,1
1,1.89,4.8,2,0
0,2.94,3.1,1,0
1,4.28,3.4,2,0
2,3.6,1.5,1,0
4,4.5200000000000005,3.6,1,0
5,11.25,5.5,2,0
3,2.76,4.6,1,0
2,0.0,8.1,0,1
2,7.22,9.7,2,0
0,4.5200000000000005,3.6,2,0
0,7.45,2.8,0,0
4,10.45,6.8,2,0
2,4.68,5.2,1,0
5,2.54,6.8,2,0
3,4.77,5.3,2,0
5,6.399999999999999,4.1,0,0
2,1.73,4.1,2,0
3,5.46,5.4,1,0
0,3.6899999999999995,4.1,2,0
4,9.28,6.9,2,0
1,2.31,1.9,0,0
1,0.0,6.9,0,1
4,1.32,0.8,2,1
1,3.38,4.8,1,0
2,0.0,3.8,0,1
3,3.2499999999999996,1.5,0,0
3,1.56,0.4,1,0
3,0.0,2.3,0,1
1,6.09,4.6,2,0
5,4.32,3.3,0,0
1,4.880000000000001,2.4,1,1
5,13.8,7.2,2,0
4,4.800000000000001,2.0,1,0
1,8.879999999999999,5.9,1,0
0,0.8600000000000001,2.7,1,0
2,3.5599999999999996,2.3,1,0
5,0.0,3.3,0,1
4,0.0,5.7,0,1
5,0.54,1.8,0,1
3,8.92,5.1,0,0
5,2.8600000000000003,2.6,2,0
4,1.4700000000000002,2.9,0,0
3,0.0,5.3,1,1
0,15.45,8.8,2,0
2,1.06,2.7,0,0
3,4.74,5.9,0,0
1,6.279999999999999,3.9,2,0
5,7.4,3.6,0,0
0,5.36,6.6,1,0
4,0.0,2.8,1,1
3,6.300000000000001,2.2,1,0
4,7.680000000000001,5.4,1,0
3,15.05,7.7,0,0
5,1.9,6.0,1,0
2,2.44,1.7,0,0
4,0.0,3.3,0,1
4,4.7,6.5,0,0
5,7.08,7.7,0,0
0,1.7,5.0,2,0
2,2.88,3.3,2,0
3,5.18,7.8,2,0
2,6.08,4.4,1,0
0,3.57,3.3,0,0
0,0.0,3.0,0,1
0,3.15,2.1,1,0
0,10.5,10.0,2,0
5,13.95,7.3,0,0
3,2.88,3.2,1,0
5,11.6,8.0,2,0
1,9.520000000000001,5.6,1,0
1,9.280000000000001,5.4,1,0
4,1.8599999999999999,3.1,0,0
2,7.750000000000002,3.5,2,0
1,6.48,4.4,2,0
4,1.52,0.6,0,1
4,4.95,3.5,2,0
4,1.3499999999999999,4.5,1,0
5,8.92,7.1,1,0
3,1.19,3.3,1,0
2,9.149999999999999,6.1,0,0
1,0.6,0.4,2,0
1,10.16,6.8,0,0
2,3.63,2.7,0,0
3,0.0,4.8,0,1
4,8.159999999999998,5.3,0,0
5,7.8500000000000005,4.9,2,0
4,1.4899999999999998,4.3,1,0
0,0.0,2.0,1,1
1,2.22,2.7,1,0
0,5.3,6.5,2,0
0,2.38,3.3,2,0
5,1.69,4.3,2,0
0,3.4,1.5,1,0
1,7.64,6.2,2,0
5,3.66,1.9,1,1
5,4.279999999999999,6.3,1,0
3,3.85,2.4,0,0
5,0.0,6.5,2,1
0,4.6499999999999995,4.5,0,0
4,5.1,3.4,2,0
1,14.05,7.7,2,0
2,4.260000000000001,4.4,0,0
3,6.96,3.8,2,0
2,1.99,6.3,2,0
1,0.6499999999999999,1.5,2,0
0,1.2000000000000002,0.0,1,0
2,4.08,6.8,1,0
2,3.87,2.8,2,0
0,9.239999999999998,6.2,0,0
0,7.52,4.6,1,0
1,1.06,2.2,1,0
0,5.88,5.7,2,0
2,0.0,3.7,1,1
3,0.8899999999999999,2.3,0,0
4,3.6799999999999997,2.4,0,0
4,1.2,1.0,0,1
1,6.719999999999999,5.3,0,0
2,6.9,2.6,1,0
0,1.32,4.4,1,0
5,1.73,4.1,0,0
0,5.5200000000000005,2.6,1,0
4,1.4999999999999998,1.5,2,1
5,9.989999999999998,9.6,2,0
2,4.5600000000000005,4.4,2,0
1,5.359999999999999,8.1,2,0
3,6.12,6.8,2,0
4,3.1399999999999997,3.9,0,0
5,8.6,4.9,1,0
1,5.07,4.8,0,0
0,7.379999999999999,8.2,0,0
1,11.799999999999999,6.2,0,0
1,0.0,2.9,1,1
4,6.18,5.2,2,0
4,10.399999999999999,6.1,0,0
4,1.28,2.1,1,0
3,8.25,5.5,0,0
2,0.0,7.2,1,1
2,4.5600000000000005,2.8,0,0
0,0.0,3.1,2,1
5,11.700000000000001,6.8,1,0
2,3.08,3.8,0,0
1,3.75,2.5,2,0
1,2.09,6.3,2,0
1,0.0,5.7,1,1
5,8.44,4.7,2,0
0,4.52,6.7,1,0
3,7.709999999999999,6.9,1,0
0,9.45,4.3,2,0
4,0.0,8.4,2,1
4,11.64,7.7,1,0
1,1.0,0.5,2,0
4,1.1700000000000002,2.4,1,0
4,1.6,0.0,2,1
2,0.0,3.9,1,1
2,0.0,2.1,2,1
1,1.5200000000000002,2.9,2,0
4,2.6599999999999997,6.7,0,0
5,0.8999999999999999,1.0,0,1
5,8.2,4.8,1,0
2,1.9100000000000001,4.7,0,0
5,0.0,4.3,0,1
2,1.64,4.8,1,0
4,0.0,0.0,2,1
3,1.1700000000000002,2.9,2,0
0,10.919999999999998,7.6,1,0
0,3.15,2.1,0,0
4,5.88,7.8,2,0
5,1.42,1.7,0,1
2,4.3500000000000005,1.4,1,0
2,1.4300000000000002,2.6,0,0
3,2.24,6.8,1,0
5,2.14,3.4,1,0
2,4.32,5.2,2,0
4,5.52,4.6,1,0
2,5.16,4.4,2,0
4,14.000000000000002,7.0,1,0
2,0.0,6.0,2,1
2,0.9100000000000001,2.2,0,0
3,0.0,3.9,1,1
5,5.699999999999999,8.0,0,0
0,9.149999999999999,5.1,1,0
1,0.8999999999999999,1.5,1,0
5,5.9,1.6,1,1
5,3.88,6.3,2,0
0,9.68,5.9,2,0
1,0.0,2.7,0,1
3,7.199999999999999,6.0,0,0
3,10.84,7.7,1,0
4,2.8200000000000003,7.4,0,0
1,0.0,7.7,1,1
0,0.0,5.6,1,1
4,7.72,4.1,1,0
1,0.0,3.7,2,1
3,7.8,4.5,0,0
0,4.04,2.7,2,0
1,5.699999999999999,3.8,1,0
2,0.0,7.1,1,1
0,1.2800000000000002,1.3,2,0
2,1.07,1.4,0,0
2,2.26,6.2,2,0
3,4.76,3.8,2,0
0,1.2600000000000002,0.6,0,0
2,6.6000000000000005,4.4,1,0
4,1.4299999999999997,4.1,0,0
0,3.5600000000000005,3.6,0,0
2,9.48,5.9,2,0
4,1.1900000000000002,1.8,1,1
5,8.75,4.5,1,0
3,5.64,4.1,1,0
4,2.03,4.6,2,0
3,0.75,1.0,2,0
4,7.250000000000001,3.5,0,0
1,3.9,4.5,0,0
2,4.66,5.6,2,0
4,10.639999999999999,8.2,0,0
4,7.59,6.1,2,0
3,6.0600000000000005,5.4,0,0
1,0.0,7.0,1,1
3,1.77,3.9,2,0
5,4.76,7.6,0,0
2,7.979999999999999,6.7,2,0
0,0.0,3.6,2,1
5,0.0,8.3,0,1
0,8.88,5.4,0,0
1,6.34,8.9,2,0
4,4.359999999999999,5.1,2,0
0,5.6000000000000005,3.4,0,0
5,3.2,3.0,1,0
1,4.62,3.8,1,0
0,3.24,3.4,1,0
5,0.0,7.0,2,1
0,7.680000000000001,4.4,1,0
0,0.6900000000000001,1.3,2,0
0,2.12,4.9,0,0
2,7.199999999999999,4.8,1,0
0,2.16,3.6,0,0
2,4.800000000000001,5.0,1,0
4,8.100000000000001,4.4,1,0
4,2.34,5.8,0,0
5,3.36,5.6,0,0
2,0.0,5.2,2,1
4,3.08,1.9,0,1
4,10.639999999999999,8.7,2,0
1,2.46,1.4,2,0
2,7.44,4.2,0,0
3,0.0,2.3,1,1
3,0.0,5.3,1,1
5,8.2,4.8,1,0
2,7.640000000000001,4.2,0,0
4,13.499999999999998,7.5,1,0
4,5.42,6.7,2,0
4,0.0,3.8,0,1
5,0.0,6.1,2,1
0,11.399999999999999,7.6,1,0
3,7.83,6.7,1,0
3,5.04,4.2,1,0
4,1.04,1.3,2,1
4,4.359999999999999,5.1,1,0
5,6.96,5.8,2,0
1,6.749999999999999,3.0,0,0
4,1.3499999999999999,4.5,0,0
2,4.469999999999999,4.3,0,0
2,2.39,7.3,1,0
1,8.579999999999998,8.2,2,0
5,11.35,6.9,1,0
3,6.76,4.3,0,0
1,0.0,6.8,0,1
2,0.0,5.8,1,1
0,8.600000000000001,4.4,1,0
4,13.55,8.7,1,0
2,1.0999999999999999,3.0,2,0
2,1.91,5.7,1,0
4,9.04,6.2,0,0
5,0.0,3.9,0,1
0,10.4,5.6,2,0
5,9.479999999999999,6.4,1,0
2,1.75,5.0,2,0
2,0.0,5.4,1,1
4,1.41,4.7,0,0
5,6.6899999999999995,6.1,1,0
5,0.0,4.0,1,1
5,6.1,3.9,0,0
2,0.0,4.5,0,1
1,5.34,6.9,0,0
2,0.8999999999999999,1.0,1,0
2,4.050000000000001,2.7,2,0
0,8.19,9.1,1,0
5,8.52,5.1,2,0
1,7.800000000000002,3.7,1,0
3,12.149999999999999,6.1,1,1
4,0.0,2.9,1,1
5,0.19,0.3,1,1
4,7.04,5.2,2,0
4,4.999999999999999,3.0,1,0
5,1.81,4.7,0,0
4,2.2600000000000002,5.2,0,0
0,4.32,4.8,1,0
4,1.52,1.1,2,1
1,1.7799999999999998,4.6,0,0
0,8.08,5.4,0,0
0,0.8099999999999999,1.7,0,0
5,1.3499999999999999,1.5,1,1
5,2.31,2.4,0,0
4,1.9,6.0,2,0
5,1.0499999999999998,0.5,2,1
3,4.12,6.2,2,0
2,0.0,5.3,0,1
4,4.95,4.0,0,0
2,3.45,1.5,2,0
5,1.94,2.9,0,0
5,3.86,6.1,2,0
4,4.3,7.0,1,0
4,0.0,2.4,1,1
5,11.200000000000001,6.8,1,0
4,11.850000000000001,5.9,0,0
4,0.0,4.5,1,1
1,1.15,3.0,1,0
1,0.0,3.3,2,1
2,0.0,8.1,2,1
2,0.0,4.9,2,1
0,2.81,7.2,1,0
1,0.0,5.0,2,1
0,0.0,3.6,1,1
2,6.84,5.7,0,0
5,9.27,8.8,1,0
3,0.0,3.2,2,1
5,0.0,6.3,2,1
5,6.28,4.9,2,0
3,0.0,1.6,2,1
4,0.6799999999999999,1.6,0,1
3,1.08,3.6,0,0
0,3.22,5.2,1,0
1,5.82,6.3,2,0
2,0.0,1.4,0,1
3,8.95,5.8,0,0
3,8.95,4.3,0,0
3,5.25,4.5,2,0
4,5.13,5.7,0,0
0,15.0,8.0,2,0
3,5.9399999999999995,5.1,0,0
2,1.7700000000000002,1.8,0,0
0,0.0,4.1,2,1
2,11.799999999999999,6.2,2,0
1,12.7,6.3,2,0
1,9.559999999999999,5.8,0,0
3,1.5500000000000003,3.5,1,0
4,0.0,1.8,1,1
2,0.0,5.7,2,1
4,0.93,2.1,2,0
3,7.08,5.9,1,0
5,9.48,5.9,1,0
0,0.0,3.6,2,1
1,0.0,4.3,2,1
2,1.87,4.9,2,0
3,2.38,3.3,1,0
4,0.51,1.7,1,1
5,9.100000000000001,4.4,1,0
4,3.36,4.6,2,0
5,8.280000000000001,7.2,0,0
4,5.3500000000000005,2.9,1,0
3,10.399999999999999,6.6,0,0
0,1.2600000000000002,2.2,0,0
4,0.74,1.8,1,1
0,5.85,3.9,1,0
1,1.2300000000000002,2.6,1,0
3,0.74,1.8,2,0
5,2.92,8.4,0,0
4,1.6800000000000002,3.6,0,0
4,6.46,9.1,0,0
5,1.5,2.5,0,0
2,4.65,1.1,2,0
3,4.66,7.1,1,0
4,2.5999999999999996,3.0,1,0
4,6.12,4.8,2,0
1,4.5600000000000005,1.8,1,0
0,4.5600000000000005,4.4,0,0
4,1.68,1.8,2,1
4,1.57,4.4,2,0
0,2.66,3.6,0,0
0,0.0,5.0,2,1
4,12.2,5.8,0,0
0,1.75,5.0,2,0
3,11.100000000000001,5.4,1,0
1,3.78,4.3,0,0
4,4.720000000000001,3.6,1,0
2,0.0,5.4,2,1
2,0.0,4.3,2,1
0,1.62,4.4,2,0
5,1.69,5.3,2,0
0,0.0,2.4,2,1
1,2.4200000000000004,7.4,1,0
1,4.800000000000001,4.0,0,0
2,8.049999999999999,4.7,2,0
1,4.71,4.4,2,0
0,8.96,5.8,2,0
1,3.52,5.2,1,0
1,7.880000000000001,4.4,2,0
4,0.0,7.4,2,1
5,1.0,0.0,2,1
5,6.449999999999999,7.0,0,0
2,5.180000000000001,6.3,0,0
5,1.16,0.8,2,1
1,7.86,6.4,0,0
0,4.56,6.6,2,0
5,8.4,5.6,2,0
2,3.5999999999999996,1.4,0,0
2,0.0,5.9,0,1
2,7.8,6.5,2,0
1,1.12,3.4,0,0
4,3.64,5.4,0,0
3,5.359999999999999,3.8,0,0
1,0.0,6.3,1,1
3,1.3699999999999999,3.9,1,0
2,5.56,3.3,1,0
4,0.0,4.4,1,1
1,2.37,1.8,1,0
2,1.51,4.2,2,0
0,6.24,5.2,0,0
3,7.4399999999999995,6.2,1,0
4,3.8,5.0,0,0
2,0.0,1.6,2,1
5,13.8,7.2,0,0
3,14.100000000000001,7.4,0,0
5,8.299999999999999,4.7,2,0
2,5.499999999999999,3.0,2,0
2,1.22,3.4,0,0
3,0.0,4.1,0,1
0,6.919999999999999,5.1,2,0
0,0.0,3.9,1,1
2,2.48,2.8,1,0
0,5.85,6.5,1,0
0,6.300000000000001,5.0,1,0
2,2.31,2.4,0,0
3,0.0,5.1,1,1
3,1.8399999999999999,4.8,1,0
1,3.16,3.1,2,0
0,10.879999999999999,6.9,2,0
0,3.28,4.8,2,0
3,1.73,4.1,2,0
0,5.159999999999999,4.3,0,0
0,6.48,5.4,0,0
4,0.0,4.4,0,1
4,0.0,4.3,1,1
3,0.0,6.6,1,1
2,0.0,1.7,0,1
0,5.200000000000001,2.0,1,0
4,2.0799999999999996,6.1,1,0
4,13.95,9.3,1,0
2,5.67,6.3,1,0
1,7.979999999999999,8.2,1,0
2,0.0,3.6,2,1
1,2.88,3.2,0,0
5,0.0,5.4,0,1
0,0.0,6.4,1,1
4,0.77,1.9,1,1
4,0.0,4.1,2,1
5,0.0,4.4,0,1
2,6.5200000000000005,3.1,2,0
3,2.04,3.4,2,0
3,1.96,6.2,0,1
0,0.0,5.4,2,1
2,2.4299999999999997,6.1,2,0
4,6.780000000000001,5.2,0,0
2,1.34,2.8,0,0
5,8.2,5.3,0,0
3,0.0,2.6,2,1
1,4.68,3.9,1,0
1,3.6799999999999997,2.4,1,0
5,4.359999999999999,3.3,1,0
2,0.0,4.7,2,1
3,6.720000000000001,3.6,2,0
4,0.0,2.7,1,1
1,8.22,6.8,0,0
3,2.5799999999999996,4.3,0,0
3,8.100000000000001,3.4,2,0
2,1.0899999999999999,2.3,1,0
1,2.5200000000000005,0.8,2,0
3,6.52,4.1,2,0
1,2.13,1.7,1,0
3,0.0,5.9,2,1
1,7.119999999999999,4.6,0,0
5,7.4399999999999995,7.6,0,0
1,1.9700000000000002,4.9,1,0
5,0.0,3.0,2,1
3,0.21,0.7,0,0
3,10.12,6.1,1,0
2,5.85,1.9,1,0
5,3.5200000000000005,3.7,1,0
3,9.120000000000001,7.8,2,0
0,1.76,5.7,1,0
1,8.76,5.3,2,0
5,2.32,6.4,1,0
0,2.1399999999999997,6.3,2,0
4,10.84,7.7,0,0
4,0.0,3.3,2,1
2,2.22,3.7,0,0
4,1.11,2.7,0,0
1,1.9200000000000002,4.4,1,0
1,1.26,4.2,0,0
3,0.0,1.0,2,1
5,7.3,3.2,0,0
3,13.35,7.4,2,0
2,8.6,5.0,2,0
3,6.0600000000000005,5.9,2,0
3,8.45,4.3,1,0
2,0.8200000000000001,0.7,2,0
5,0.0,4.2,1,1
0,5.26,6.6,0,0
5,0.0,2.1,0,1
5,4.3999999999999995,6.0,1,0
2,2.19,1.1,0,0
0,6.6,4.5,0,0
4,9.399999999999999,5.6,0,0
5,2.7399999999999998,3.9,0,0
1,7.04,9.4,2,0
4,0.0,3.5,0,1
0,4.949999999999999,3.3,2,0
4,8.35,4.9,0,0
3,2.6999999999999997,3.0,1,0
1,5.9,1.6,1,0
4,4.949999999999999,2.3,2,0
5,5.999999999999999,6.0,1,0
1,3.51,3.9,2,0
0,0.0,7.9,0,1
1,7.4,3.6,1,0
0,7.48,5.9,2,0
0,6.75,5.5,2,0
0,2.56,3.6,0,0
2,0.8600000000000001,2.7,0,0
3,0.9500000000000002,1.0,1,0
1,5.34,5.6,2,0
5,6.209999999999999,6.9,0,0
2,0.0,1.3,1,1
2,4.7700000000000005,3.8,2,0
5,3.4799999999999995,3.2,0,0
2,3.76,5.6,1,0
2,6.699999999999999,3.8,1,0
0,0.0,7.1,0,1
2,6.050000000000001,3.7,0,0
3,2.4000000000000004,2.0,2,0
2,3.99,3.6,2,0
0,4.76,3.8,0,0
4,5.9399999999999995,5.6,1,0
4,1.19,3.8,0,0
4,4.04,5.4,2,0
4,3.3600000000000003,2.9,2,0
2,5.4799999999999995,3.9,0,0
1,0.87,2.9,2,0
0,7.7,2.8,1,0
2,10.0,7.0,2,0
5,0.0,3.1,1,1
0,3.42,3.8,2,0
2,9.719999999999999,6.6,1,0
2,0.0,6.0,0,1
3,8.969999999999999,7.8,1,0
3,7.8,5.5,0,0
0,7.949999999999999,3.3,2,0
2,5.76,8.6,1,0
1,0.0,5.7,1,1
2,5.84,4.2,2,0
2,0.0,4.6,2,1
0,5.91,4.9,1,0
3,1.4,4.0,0,0
5,3.55,1.7,2,1
0,7.02,7.8,1,0
0,3.9,4.5,2,0
3,5.16,4.9,2,0
0,12.84,8.7,0,0
0,3.7199999999999998,3.1,0,0
5,3.88,5.8,0,0
1,0.0,2.9,1,1
4,6.919999999999999,5.1,2,0
0,0.0,4.9,0,1
4,7.59,6.1,1,0
0,11.6,6.9,0,0
1,3.2699999999999996,3.3,0,0
4,6.57,7.3,2,0
4,11.25,7.5,1,0
4,7.4,4.0,2,0
0,0.0,4.5,0,1
3,0.0,3.5,2,1
2,6.279999999999999,3.9,1,0
0,1.86,2.1,0,0
1,1.93,6.1,0,0
5,1.7100000000000002,0.4,0,1
4,4.890000000000001,3.1,0,0
5,6.6000000000000005,4.4,1,0
3,11.65,7.1,2,0
1,4.48,3.4,1,0
1,10.1,5.4,0,0
2,1.69,4.3,1,0
5,1.92,6.4,0,0
5,0.0,5.3,0,1
4,1.8599999999999999,6.2,2,0
5,4.08,3.4,0,0
2,3.75,2.5,1,0
5,3.3200000000000003,5.2,1,0
4,3.3000000000000003,3.5,2,0
3,5.9399999999999995,4.6,2,0
4,5.489999999999999,5.1,0,0
3,9.200000000000001,7.0,0,0
4,11.65,6.1,0,0
0,6.12,3.1,0,0
5,0.0,2.2,1,1
0,6.04,7.9,0,0
2,0.5900000000000001,1.3,2,0
5,5.9,3.6,1,0
4,2.34,5.8,1,0
5,8.219999999999999,7.8,0,0
0,1.4799999999999998,4.1,0,0
5,1.43,4.6,1,0
3,0.0,2.7,2,1
4,0.0,4.8,0,1
3,0.66,2.2,1,0
1,0.9999999999999999,3.0,1,0
2,1.9,6.0,0,0
0,5.340000000000001,3.6,2,0
1,7.17,6.3,1,0
1,5.73,4.2,1,0
2,6.200000000000001,1.8,1,0
2,10.2,6.8,0,0
2,0.0,1.9,1,1
5,3.1799999999999997,3.3,1,0
3,7.649999999999999,4.1,0,0
0,2.0,6.5,2,0
2,4.48,3.4,1,0
1,3.92,2.6,0,0
2,10.700000000000001,4.8,2,0
2,2.8599999999999994,4.1,0,0
1,4.720000000000001,3.6,2,0
3,1.9200000000000002,4.9,0,0
4,2.49,2.1,2,0
4,2.6500000000000004,1.1,2,1
0,2.64,8.8,0,0
1,1.71,4.7,1,0
0,1.44,4.8,2,0
5,6.6000000000000005,2.9,0,0
1,9.36,6.3,1,0
0,1.62,3.4,1,0
5,0.0,0.0,0,1
0,1.47,3.4,0,0
2,4.68,3.9,2,0
2,0.0,4.2,0,1
2,1.4799999999999998,4.1,1,0
2,3.0300000000000002,3.2,0,0
5,1.7999999999999998,3.0,1,0
3,6.85,3.9,1,0
2,0.72,1.2,0,0
5,2.4,0.6,1,1
5,10.049999999999999,4.7,1,0
5,8.239999999999998,4.7,2,0
3,10.360000000000001,6.3,1,0
0,6.0,4.0,2,0
1,0.8300000000000001,2.1,2,0
